,selfknowledge,knowledge,thought,cognitive,mental,know,thoughts,consciousness,phenomenal,experience,object,number,set,abstract,mathematical,experiences,phenomenology,language,sentence,proposition,sentences,objects,logical,sets,representation,mind,moral,words,morality,truth,linguistic,representational,word,logic,logics,model,propositions,discourse,representations,perception,probability,brain,mathematics,proof,syllogism,syllogisms,verb,probabilities,ethics,ethical,verbs,neural,religion,abstraction,cognition
Self Knowledge_1 The Distinctiveness of SelfKnowledge.txt,18.0,5.0,2.0,1.0,19.0,3.0,6.0,1.0,2.0,2.0,1.0,,,,,,,,,,,,,,,,,,,,,,,,,,,,,,,,,,,,,,,,,,,,
Folk Psychology as Mental Simulation_7 Conclusion.txt,1.0,1.0,,3.0,2.0,,,,,,,1.0,,,,,,,,,,,,,,1.0,,1.0,,,,,,,,2.0,,,,,,,,,,,,,,,,1.0,,,
Gertrude Elizabeth Margaret Anscombe_3 Metaphysics.txt,1.0,,1.0,,,,,,,,,,,,,,,5.0,,,,,,,,2.0,,,,,,,,,,,,,,1.0,,,,,,,,,,,,,,,
Consciousness and Intentionality_8 Consciousness in Mind.txt,1.0,,10.0,5.0,6.0,1.0,1.0,27.0,5.0,2.0,7.0,,1.0,,,,,,,,,1.0,,,6.0,7.0,,,,1.0,,1.0,,,,,,,2.0,2.0,,,,,,,,,,,,,,,
Thomas Reid_6 Moral Philosophy.txt,1.0,4.0,2.0,,2.0,1.0,,,,1.0,4.0,1.0,3.0,,2.0,1.0,,4.0,1.0,1.0,2.0,1.0,1.0,,,4.0,91.0,,1.0,4.0,,,,,,1.0,2.0,,,11.0,,,,1.0,,,,,7.0,2.0,,,,,
Folk Psychology as Mental Simulation_6 Simulation Theory Pros and Cons.txt,2.0,6.0,,4.0,25.0,2.0,,,,1.0,,3.0,,,,1.0,,,,,,1.0,,,3.0,1.0,,,,,,,,,,2.0,,,,2.0,1.0,1.0,,,,,,,,,,1.0,,,
Narrow Mental Content_3 Arguments for Narrow Content.txt,1.0,1.0,5.0,,10.0,,10.0,,23.0,5.0,3.0,,,,,,8.0,1.0,,1.0,1.0,,,,,2.0,,,,,,1.0,,,,,1.0,,,,,3.0,,,,,,,,,,,,,
Externalism About Mental Content_6 Externalism and Selfknowledge.txt,15.0,11.0,7.0,,1.0,9.0,14.0,,,,2.0,1.0,,,,,,,,,,,2.0,,,1.0,1.0,,,,2.0,,,,,,,,,1.0,,,,,,,,,,,,,,,
Self Knowledge_2 Doubts about the distinctiveness of selfknowledge.txt,10.0,5.0,4.0,1.0,8.0,7.0,,,,1.0,2.0,,,,,,,,,,,,,,,,,,,,,,1.0,,,1.0,,,,,,,,,,,,,,,,,,,
Self Knowledge_3 Accounts of SelfKnowledge.txt,73.0,31.0,4.0,6.0,49.0,15.0,8.0,4.0,12.0,11.0,1.0,1.0,1.0,,,5.0,6.0,,1.0,,1.0,4.0,2.0,,3.0,1.0,,,,2.0,,,,,,2.0,,,3.0,6.0,,,,,,,,,,,,1.0,,,
Consciousness and Intentionality_7 Consciousness and SelfConsciousness.txt,1.0,,18.0,5.0,1.0,,1.0,6.0,23.0,28.0,2.0,,2.0,,1.0,,3.0,,,,,4.0,,,2.0,,,2.0,,,2.0,,,,,,,,,3.0,,,,,,,,,,,,,,,2.0
Consciousness_2 Concepts of Consciousness.txt,1.0,,1.0,1.0,16.0,,1.0,32.0,9.0,5.0,1.0,1.0,,2.0,,,,,,,,,1.0,1.0,,,,1.0,,,,,,,,,,,,1.0,,,,,,,,,,,,,,,
Folk Psychology as Mental Simulation_4 The Role of Mental Simulation in Mindreading.txt,1.0,,1.0,2.0,62.0,5.0,,,,8.0,,,,,,,,,,,,,1.0,,2.0,4.0,,2.0,,,,,,,,7.0,,,2.0,,,,,,,,,,,,,2.0,,,
Phenomenal Intentionality_5 Cognitive phenomenology.txt,4.0,2.0,35.0,26.0,7.0,,25.0,5.0,60.0,15.0,,,,,1.0,6.0,64.0,3.0,4.0,1.0,5.0,,,,,,,3.0,,,,,6.0,,,,,,,,,,,1.0,,,,,,,,1.0,,,
Physicalism_14 The Case Against Physicalism I Qualia and Consciousness.txt,,7.0,2.0,,,8.0,,1.0,,4.0,1.0,1.0,,,,1.0,,,,,,,,,,1.0,,,,1.0,,,,,,,,,,,,,,,,,,,,,,,,,
Modal Logic_10 Two Dimensional Semantics.txt,,1.0,1.0,,,1.0,,,,,,,1.0,,,,,2.0,2.0,,2.0,,,,,1.0,,1.0,,10.0,4.0,,,3.0,1.0,,,,,,,,,,,,,,,,,,,,
Descartes Epistemology_2 The Methods Foundationalism and Doubt.txt,,16.0,1.0,,1.0,2.0,,,,,,,,,,,,,,,,,1.0,,,,,,,,,,,,,,3.0,3.0,,,,,,,,,,,,,,,,,
Teleological Theories of Mental Content_3 Teleosemantic Theories.txt,,3.0,11.0,6.0,18.0,1.0,,,,,1.0,2.0,2.0,2.0,,,,7.0,2.0,4.0,,4.0,1.0,,62.0,2.0,,2.0,,1.0,1.0,14.0,,,,,,,43.0,4.0,2.0,4.0,,,,,,,,,,,,,
Logic and Artificial Intelligence_8 Towards a Formalization of Common Sense.txt,,9.0,1.0,1.0,1.0,,,,,,,,,,,,,,,,,,2.0,,1.0,1.0,,,,,,,,,4.0,,,,,,,,1.0,1.0,,,,,,,,,,,
Abstract Objects_4 The Way of Example.txt,,2.0,,,,,,,,,,,,5.0,,,,1.0,,,,4.0,,,,,,,,,,,,,,,,,,,,,,,,,,,,,,,,,
Concepts_1 The ontology of concepts.txt,,2.0,12.0,5.0,46.0,1.0,2.0,,,,1.0,3.0,,8.0,,,,17.0,,,3.0,8.0,1.0,,17.0,10.0,2.0,6.0,,,,1.0,2.0,,,1.0,1.0,,28.0,,,1.0,,,,,,,,,,,,,
Intentionality_9 Can intentionality be naturalized.txt,,1.0,2.0,,16.0,2.0,1.0,,,,,1.0,,,,,,1.0,,,7.0,2.0,,,2.0,3.0,,1.0,,1.0,2.0,4.0,2.0,,,,,,,,,,,,,,,,,,,,,,
Philosophy of Mathematics_6 The Future.txt,,2.0,1.0,,,,,,,1.0,,,,,11.0,,,,,,,1.0,,,,,,,,,,,,,,,,,,,,,5.0,1.0,,,,,,,,,,,
Qualia_5 Qualia and the Explanatory Gap.txt,,1.0,,,,,,1.0,6.0,,,,,,,4.0,,,,,,,,,,,,,,,,,,,,,,,,,,1.0,,,,,,,,,,,,,
Skepticism_1 Knowledge Justification and Skepticism.txt,,5.0,,,,13.0,,,,,,3.0,,,,,,,,9.0,,,,,,,,,,,,,,,,,6.0,,,,,,,,,,,,,,,,,,
Moral Cognitivism vs  Non Cognitivism_2 Principal Varieties in More Detail.txt,,2.0,5.0,7.0,5.0,1.0,3.0,,,,4.0,2.0,4.0,,,,,9.0,6.0,2.0,31.0,2.0,2.0,4.0,,11.0,80.0,1.0,,1.0,,,,,,1.0,1.0,2.0,,,,,,,,,,,2.0,1.0,,,,,
Bernard Bolzano_2 Bolzanos Main Writings.txt,,1.0,,,,,,,,,,,,,1.0,,,,,,,1.0,,,,,,,,,,,,3.0,,,,,,,,,4.0,,,,,,,,,,1.0,,
Metaethics_4 IsOught and the Open Question Argument.txt,,3.0,19.0,1.0,,,4.0,,,,4.0,1.0,1.0,,,,,3.0,,,,,1.0,,,2.0,49.0,,6.0,3.0,,,,2.0,,,,1.0,,,,,1.0,,,,,,,,,,,,
The Contents of Perception_6 Concepts and Content.txt,,1.0,4.0,,,,1.0,,1.0,39.0,6.0,,3.0,,,18.0,,,1.0,,,1.0,,,,,,,,,,,,,,,,,,,,,,,,,,,,,,,,,
Carl Hempel_4 Scientific Explanations .txt,,3.0,,,,,,,,,,2.0,,,,,,,2.0,,2.0,,4.0,,,,,,,10.0,1.0,,,3.0,,,,,,,1.0,,,,,,,,,,,,,,
Consciousness_5 The explanatory question How can consciousness exist.txt,,1.0,,5.0,1.0,,,33.0,4.0,5.0,,,,,,,1.0,,,,1.0,,2.0,,,1.0,,,,,,1.0,,1.0,,3.0,1.0,,,,,3.0,,,,,,,,,,5.0,,,
Philosophy of Mathematics_4 Structuralism and Nominalism.txt,,2.0,,,,1.0,,,,,1.0,13.0,12.0,9.0,48.0,,,3.0,4.0,,6.0,11.0,2.0,7.0,,2.0,,,,6.0,,,2.0,,,6.0,,1.0,,,,,18.0,,,,,,,,,,,,
Immanuel Kant_2 Kants project in the Critique of Pure Reason.txt,,22.0,1.0,3.0,,3.0,,,,14.0,,,,,,,,,,,,2.0,,,,9.0,7.0,4.0,8.0,,,,,,,,,,4.0,,,1.0,,,,,,,,,,,6.0,,4.0
Philosophy of Mathematics_5 Special Topics.txt,,3.0,1.0,,,4.0,,,,,,3.0,47.0,2.0,21.0,,,5.0,1.0,,,4.0,1.0,16.0,,,,1.0,,4.0,,,4.0,17.0,,7.0,,,,,,,18.0,11.0,,,,,,,,,,,
Mental Representation_3 Conceptual and NonConceptual Representation.txt,,1.0,4.0,2.0,4.0,,2.0,1.0,6.0,3.0,,,,,1.0,1.0,9.0,,,,,1.0,1.0,,2.0,4.0,1.0,,,,,6.0,,,,,,,8.0,2.0,,,,,,,,,,,,,,,
The Analysis of Knowledge_3 The Gettier Problem.txt,,8.0,,,,2.0,,,,,,,,,,,,,,,,,,,,,,,,,,,,,,,,,,,,,,,,,,,,,,,,,
Logic and Artificial Intelligence_1 Logic and Artificial Intelligence.txt,,5.0,1.0,,,1.0,,,,,,,,,13.0,,,4.0,,,,,30.0,,8.0,,,,,,2.0,1.0,,68.0,,1.0,,,,,,,1.0,,,,,,,,,,,,
Reasons for Action  Justification  Motivation  Explanation_3 Motivating and Explanatory Reasons.txt,,10.0,4.0,,38.0,10.0,1.0,,,,,,,,,,,,,1.0,1.0,,,,,,,2.0,,4.0,,,,,,2.0,1.0,,,,,,,,,,,,,,,,,,
Medieval Theories of the Syllogism_10 Summary.txt,,1.0,1.0,,,,,,,,,,,,,,,,,,3.0,,1.0,,,,,,,,,,,5.0,,,,,,,,,,,2.0,,,,,,,,,,
Knowledge by Acquaintance vs  Description_8 Concluding Remarks.txt,,17.0,3.0,,,,,,,,,2.0,,,,,,,,,,,2.0,,,2.0,,,,2.0,,,,,,,2.0,,,,2.0,,,,,,,,,,,,,,
Cognitive Science_1 History.txt,,1.0,,1.0,5.0,,,1.0,,,,,,,,,,2.0,,,,,,,,3.0,,,,,,,,,,,,,2.0,,,,,,,,,,,,,,,,
Willard Van Orman Quine_7 Quines place in the history of philosophy.txt,,3.0,1.0,,,,,,,,,,,1.0,,,,1.0,,,,,4.0,1.0,,,,,,1.0,,,,,,,,,,,,,,,,,,,,,,,,,
Logic and Artificial Intelligence_4 Reasoning about Action and Change21.txt,,1.0,2.0,1.0,,,,,,,,4.0,13.0,1.0,4.0,,,16.0,1.0,2.0,,1.0,22.0,4.0,3.0,1.0,,2.0,,4.0,3.0,1.0,2.0,44.0,7.0,13.0,4.0,,2.0,,,,1.0,1.0,,,,1.0,,,,,,,
Folk Psychology as Mental Simulation_5 Simulation Theory and TheoryTheory.txt,,11.0,,7.0,27.0,7.0,,,,,2.0,2.0,,,,,,,,,,,,,,14.0,,1.0,,,,,,,,3.0,,,,,,,,,3.0,,,,,,,,,,
Logicism and Neologicism_2 NeoFregeanism.txt,,1.0,,,,1.0,,,,,,8.0,1.0,,3.0,,,,,,,,3.0,,,,,,,,1.0,,,1.0,,,,,,,,,3.0,,,,,,,,,,,,
Moral Naturalism_3 Contemporary Naturalism.txt,,6.0,3.0,,,6.0,1.0,,,,1.0,,2.0,,,,,7.0,6.0,,2.0,,,1.0,,,98.0,3.0,14.0,1.0,1.0,,5.0,,,,,,,,,,,,,,1.0,,6.0,16.0,,,,,
Sense Data_3 Objections to Sense Data.txt,,6.0,2.0,,2.0,4.0,,,,7.0,12.0,2.0,,,,1.0,,,,1.0,,26.0,,1.0,,2.0,,1.0,,,,,1.0,,,,,,,3.0,,6.0,,,,,,,,,,,,,
Other Minds_1 The Traditional Epistemological Problem.txt,,59.0,25.0,1.0,37.0,22.0,5.0,1.0,,21.0,3.0,,,,,2.0,,5.0,,,,1.0,2.0,,,41.0,,3.0,,2.0,2.0,,6.0,,,1.0,,,,12.0,,,,,,,,,,1.0,,,,,
Bertrand Russell_6 Russells Atheism.txt,,6.0,4.0,,1.0,3.0,,,,3.0,,,1.0,,,1.0,,2.0,,,,,,,,,3.0,,5.0,,,,,1.0,,,1.0,,,,,,,,,,,,2.0,1.0,,,28.0,,
Folk Psychology as Mental Simulation_2 What is Meant by Mental Simulation.txt,,1.0,,43.0,95.0,1.0,,,,21.0,,,,2.0,,3.0,1.0,1.0,,,1.0,,1.0,,,6.0,1.0,,,,,,,,,,,,,,,2.0,,,,,,,,,,1.0,,1.0,
The Problem of Perception_1 The Ordinary Conception of Perceptual Experience.txt,,2.0,7.0,,1.0,1.0,,2.0,5.0,61.0,4.0,,,,,4.0,,,,,,31.0,,,,,,,,,,,,,,,,,,8.0,,,,,,,,,,,,,,,
Bernard Bolzano_12 Metaphilosophy and History of Philosophy.txt,,2.0,,,,,,,,,,,,,,,,,,,,,,,,,,,,,,,,1.0,,,,,,,,,,,,,,,,,,,,,
Interpretations of Probability_3 The Main Interpretations.txt,,10.0,5.0,,1.0,4.0,,,,3.0,,15.0,12.0,1.0,1.0,,,16.0,3.0,8.0,2.0,7.0,24.0,6.0,6.0,1.0,,,,8.0,,,,6.0,,1.0,9.0,,,,153.0,,,1.0,,,,91.0,,,,,,,
Logical Constructions_9 The Construction of Matter.txt,,3.0,,,,1.0,,,,,2.0,,,,1.0,1.0,,,,,,5.0,2.0,,,2.0,,,,,,,,1.0,,,,,,1.0,,,2.0,,,,,,,,,,,,
Immanuel Kant_4 The transcendental deduction.txt,,2.0,2.0,1.0,1.0,,1.0,7.0,,29.0,4.0,,,,,3.0,,,,,,3.0,6.0,,10.0,10.0,,6.0,,2.0,,2.0,1.0,,,,,,30.0,1.0,,,,,,,,,,,,,,,1.0
The Philosophy of Neuroscience_4 Consciousness Explained.txt,,2.0,,1.0,,,,16.0,,13.0,,,,,,7.0,2.0,,,,,,,,,2.0,,1.0,,,,2.0,,,,,,,,,,7.0,,,,,,,,,,1.0,,,
Analysis_6 Conceptions of Analysis in Analytic Philosophy and the Introduction of the Logical Transformative Conception.txt,,2.0,4.0,,,,,,,,1.0,7.0,1.0,,2.0,,,5.0,,2.0,,1.0,15.0,,,2.0,,,,,3.0,,,7.0,,,1.0,,,,,,1.0,,,,,,,,,,,,
Descartes Epistemology_4 The Cogito and Doubt.txt,,21.0,2.0,8.0,,2.0,1.0,1.0,,5.0,2.0,1.0,,,,,,,2.0,6.0,,1.0,1.0,1.0,,3.0,,,,2.0,,,2.0,,,,12.0,,,7.0,,,,,1.0,,,,,,,,,,
Physicalism_4 Supervenience Physicalism Further Issues.txt,,2.0,3.0,,14.0,2.0,,,,1.0,,3.0,1.0,,,,,,,,,,,,,1.0,,,,5.0,,,,,,,,,,,,,,,,,,,,,,,,,
Ernst Cassirer_3 Philosophy of Mathematics and Natural Science.txt,,8.0,3.0,,,,,,,1.0,1.0,,,6.0,10.0,,,,,,,,1.0,,,,,,,,,,,6.0,,,,,2.0,,,,9.0,,,,,,,1.0,,,,,
Other Minds_4 Thinking about Mind Prior to the Twentieth Century.txt,,2.0,3.0,,1.0,4.0,3.0,3.0,,,,,,,,,,,,,,1.0,,,,10.0,,1.0,,1.0,,,,,,,,,,1.0,1.0,,,3.0,,,,,,,,,,,
William of Ockham_6 Theory of Knowledge.txt,,4.0,1.0,2.0,,1.0,,,,1.0,6.0,1.0,,,,,,,,,,,,,,2.0,,,,,,,,,,,,,,1.0,,,,,,,,,,,,,,,16.0
Descartes Epistemology_1 Conception of Knowledge.txt,,19.0,3.0,,1.0,,1.0,,,2.0,,,,,,1.0,,1.0,,1.0,,2.0,,,,2.0,,,,3.0,,,,1.0,,,,,,5.0,,,1.0,1.0,,,,,,,,,,,
Logicism and Neologicism_1 Historical background.txt,,1.0,9.0,,,,,,,1.0,6.0,49.0,33.0,6.0,11.0,,,13.0,6.0,7.0,1.0,21.0,27.0,5.0,,1.0,,3.0,,8.0,,,,16.0,,,1.0,2.0,,,,,6.0,6.0,,,,,,,,,,13.0,
Knowledge by Acquaintance vs  Description_4 Acquaintance Thought and A Priori Knowledge.txt,,10.0,14.0,,,,1.0,,1.0,1.0,1.0,,,,,1.0,,,,1.0,,4.0,,,,,,,,6.0,,,,,,,,,,,,,,,,,,,,,,,,,
Luitzen Egbertus Jan Brouwer_4 Brouwers Development of Intuitionism.txt,,2.0,,,2.0,,,,,,,4.0,3.0,,5.0,,,3.0,,,,3.0,1.0,2.0,,3.0,,,,,1.0,,2.0,7.0,,,,,,,,,14.0,2.0,,,,,,,,,,,
The Analysis of Knowledge_8 Epistemic Luck.txt,,7.0,,,,,,,,,,,,,,,,,,,,,,,,,,,,,,,,,,,,,,,,,,,,,,,,,,,,,
Skepticism_3 The Argument for Cartesian Skepticism Employing the Closure Principle.txt,,24.0,3.0,1.0,1.0,29.0,,,,6.0,1.0,9.0,,,,3.0,,,,43.0,,1.0,6.0,,,1.0,1.0,3.0,,11.0,,,1.0,,,,21.0,,,,,1.0,,,,,,,,,,,,,
The Analysis of Knowledge_12 Pragmatic Encroachment.txt,,19.0,,,,4.0,,,,,,,,,,,,,,,,,,,,,1.0,,,4.0,,,,,,,,,,,,,,,,,,,,,,,,,
Intentionality_8 Is intensionality a criterion of intentionality.txt,,11.0,,,2.0,1.0,,,,,1.0,,1.0,,,,,1.0,7.0,1.0,8.0,1.0,,,,,,1.0,,7.0,7.0,,,,,,,,,2.0,,,,,,,,,,,,,,,
Gottlob Frege_3 Freges Philosophy of Language.txt,,1.0,11.0,9.0,,,2.0,,,,7.0,4.0,,,,,,8.0,28.0,1.0,6.0,1.0,2.0,,,,,5.0,,18.0,,,,2.0,,,1.0,,,,,,2.0,,,,1.0,,,,3.0,,,,
Ren Descartes_3 A New Metaphysics.txt,,15.0,9.0,7.0,2.0,2.0,8.0,7.0,1.0,1.0,,,4.0,,2.0,1.0,,,,2.0,,9.0,,4.0,7.0,42.0,3.0,1.0,,11.0,,3.0,,1.0,,,,1.0,,19.0,,4.0,2.0,,,,,,,,,,,3.0,
Russells Moral Philosophy_8 Objections to Emotivism and Relativism.txt,,1.0,3.0,,,1.0,,,,,,1.0,6.0,,,,,1.0,11.0,1.0,11.0,,5.0,,,1.0,20.0,2.0,,7.0,3.0,,1.0,,,,1.0,1.0,,,,,,,,,,,1.0,6.0,,,,,
Logical Empiricism_2 Background.txt,,1.0,1.0,,,,,,,1.0,,,1.0,,4.0,,,,,,,,15.0,,,2.0,,,,,,,1.0,12.0,,,,,,,,,6.0,,,,,,,,,,,,
Embodied Cognition_4 Embodiment vs Tradition on Three Issues.txt,,4.0,2.0,47.0,11.0,2.0,,,,8.0,2.0,2.0,,4.0,,2.0,,21.0,4.0,,5.0,9.0,,,11.0,6.0,,3.0,,,2.0,5.0,,,,3.0,,,14.0,5.0,,6.0,,,,,,,,,,4.0,,,30.0
The Analysis of Knowledge_6 Doing Without Justification.txt,,16.0,,2.0,,1.0,,,,,,1.0,,,,,,,,,,,,,,,,,,1.0,,,1.0,,,,,,,,,,,,,,,,,,,,,,
Philosophy of Mathematics_3 Platonism.txt,,9.0,1.0,,1.0,4.0,,,,3.0,1.0,2.0,10.0,5.0,54.0,,,,,,,22.0,,2.0,,,,1.0,,4.0,,,,,,,2.0,1.0,,1.0,,,19.0,2.0,,,,,,,,,,,
Alfred Jules Ayer_5 Knowledge.txt,,9.0,2.0,,,2.0,,,,,,,1.0,,1.0,,,,,3.0,,,,,,,,,,2.0,,,,,,,,,,2.0,,,,2.0,,,,,,,,,,,
Mental Representation_4 Representationalism and Phenomenalism.txt,,1.0,4.0,,3.0,2.0,4.0,1.0,29.0,21.0,,,,,,9.0,,1.0,,,1.0,2.0,,,6.0,,,,,,,3.0,,,,,,,6.0,4.0,,,,,,,,,,,,,,,
Consciousness_6 The functional question Why does consciousness exist.txt,,2.0,3.0,1.0,12.0,,,45.0,11.0,9.0,,,,,,,,,,,,5.0,1.0,,8.0,,3.0,,,,,,,,,,,,1.0,,,,,,,,,,,,,,,,
Propositional Attitude Reports_7 Denying the assumption of structuredpropositionalism.txt,,1.0,7.0,,,2.0,,,,,,1.0,7.0,3.0,1.0,,,5.0,20.0,18.0,19.0,6.0,3.0,4.0,,3.0,,2.0,,17.0,10.0,,,,,,13.0,1.0,,,,2.0,,,,,,,,,2.0,,,,
Formalism in the Philosophy of Mathematics_7 The CurryHoward Correspondence.txt,,1.0,2.0,,1.0,,,,,,7.0,2.0,2.0,5.0,12.0,,,11.0,1.0,3.0,,3.0,2.0,,2.0,,,1.0,,2.0,1.0,,1.0,17.0,2.0,,1.0,1.0,,,,,6.0,8.0,,,,,,,,,,1.0,
Neutral Monism_8 Neutral Monism and Other Doctrines.txt,,1.0,,,25.0,4.0,1.0,,2.0,1.0,,3.0,1.0,4.0,4.0,,,1.0,,,,2.0,1.0,1.0,,3.0,,,,,,,,,,,,,,1.0,,5.0,,,,,,,,,,1.0,,,
Consciousness and Intentionality_4 Intentionality and the Analytic Heritage.txt,,1.0,9.0,,13.0,,,58.0,,45.0,31.0,,,,,4.0,5.0,2.0,,,,23.0,5.0,,,6.0,,,,,,,,1.0,,,,,1.0,12.0,,1.0,,,,,,,1.0,,,,,,
Immanuel Kant_7 The unity of nature and freedom.txt,,2.0,2.0,6.0,,3.0,1.0,,,5.0,1.0,,1.0,,,,,,,,,4.0,,,,,12.0,1.0,3.0,,,,,,,,,,,,,,,,,,,,,,,,,,5.0
Behaviorism_3 Roots of Behaviorism.txt,,3.0,,,8.0,,4.0,,,,,,,,,3.0,,,,,,,2.0,,,2.0,,,,1.0,,,1.0,,,,,1.0,,,,,,,,,,,,,,,,,
Logicism and Neologicism_3 Secondorder logic with Humes Principle.txt,,2.0,,,,1.0,,,,1.0,2.0,13.0,6.0,2.0,3.0,,,2.0,2.0,,,3.0,8.0,4.0,,,,,,1.0,,,,10.0,,2.0,,,,,,,3.0,3.0,,,,,,,,,,2.0,
Skepticism_4 Contextualism.txt,,1.0,1.0,,,,,,,,,1.0,1.0,,,,,,8.0,18.0,6.0,,,,,1.0,,1.0,,,,,,,,,12.0,,,,,,,,,,,,,,,,,,
Formalism in the Philosophy of Mathematics_4 Formalism and the Positivists.txt,,3.0,1.0,,,1.0,,,,,,2.0,,2.0,8.0,,,2.0,4.0,,8.0,1.0,2.0,,,,,,,4.0,,,,2.0,,2.0,1.0,2.0,,,,,11.0,4.0,,,,,,,,,,,
Singular Propositions_1 Fregeanism and Russellianism.txt,,1.0,29.0,4.0,,,5.0,,,,5.0,,,,,2.0,,2.0,9.0,6.0,10.0,8.0,3.0,,,,,,,7.0,,,,,,,19.0,,,2.0,,,,,,,1.0,,,,,,,,
Hans Reichenbach_5 Logic and Modality.txt,,1.0,,,,,,,,,,,,,1.0,,,5.0,4.0,1.0,6.0,1.0,10.0,,,,,1.0,,3.0,,,,6.0,1.0,,,,,,6.0,,3.0,4.0,,,,,,,,,,,
Ernst Mach_1 Summary.txt,,3.0,6.0,2.0,3.0,2.0,,,,10.0,,,,,1.0,1.0,,,,,,,,,,2.0,,,,,,,3.0,,,,,,,3.0,,1.0,,,,,,,,,,1.0,,,
Knowledge by Acquaintance vs  Description_3 Acquaintance and Noninferential Knowledge.txt,,23.0,17.0,1.0,2.0,,2.0,,20.0,8.0,4.0,,,,,2.0,,,,5.0,1.0,,,,,2.0,,,,22.0,,,,,,,,,,,,,,,,,,,,,,,,,
The Contents of Perception_4 The Representation of Properties.txt,,3.0,8.0,1.0,2.0,2.0,,,12.0,72.0,2.0,,1.0,,,38.0,7.0,1.0,,,,12.0,,,5.0,1.0,,1.0,,1.0,,1.0,,,,,,,1.0,3.0,,,,,,,,,,,,,,,1.0
Philosophy of Mathematics_2 Four schools.txt,,2.0,4.0,,5.0,,,,,,1.0,8.0,7.0,1.0,27.0,,,1.0,1.0,,2.0,14.0,2.0,4.0,,1.0,,1.0,,1.0,,,,21.0,,,,,,,,,44.0,4.0,,,,,,,,,,4.0,
States of Affairs_1 Introducing States of Affairs.txt,,1.0,2.0,,,,5.0,,,,1.0,1.0,1.0,,,,,,2.0,2.0,2.0,12.0,,,1.0,,,,,3.0,,,,,,2.0,3.0,,,,3.0,,,,,,,,,,,,,,
A Priori Justification and Knowledge_7 Even if intuitions can justify can they yield knowledge of the external world.txt,,11.0,,,,6.0,,,,3.0,,,,,3.0,,,,,,,,,,,,,,,,,,,,,,5.0,,,,,,,,,,,,,,,,,,
Religious Language_2 The Content of Religious Utterances.txt,,2.0,4.0,4.0,1.0,,1.0,1.0,,,1.0,2.0,1.0,,,,,29.0,4.0,2.0,14.0,2.0,2.0,,1.0,2.0,2.0,3.0,,4.0,5.0,1.0,4.0,1.0,,,3.0,8.0,,1.0,,,,,,,,,1.0,10.0,,,2.0,,
Certainty_3 Two dimensions of certainty.txt,,7.0,,,,11.0,1.0,,,,1.0,,2.0,,2.0,,,,,,,,,,,3.0,,,,,,,,,,,,,,4.0,,,,,,,,,,,,,,,
Phenomenal Intentionality_4 Arguments for PIT.txt,,1.0,,3.0,13.0,,1.0,17.0,47.0,6.0,1.0,5.0,,7.0,,8.0,7.0,,,,,8.0,,,3.0,2.0,,,,3.0,,1.0,1.0,,,,2.0,,2.0,2.0,,9.0,,,,,,,,,,1.0,,,
The Analysis of Knowledge_9 Methodological Options.txt,,9.0,,,,1.0,,,,,,,,,,,,,,,,,,,,,,,,,,,,,,,,1.0,,,,,,,,,,,,,,,,,
Francis Herbert Bradley_5 Logic.txt,,2.0,6.0,,1.0,,,,,1.0,2.0,,1.0,2.0,2.0,,1.0,2.0,,1.0,7.0,1.0,6.0,,1.0,,,,,11.0,,,,14.0,1.0,,1.0,1.0,,,,,,,,,,,,1.0,,,,,
Moores Moral Philosophy_2 Metaethical Innovations.txt,,3.0,2.0,,,1.0,,,,,,,,2.0,,,,,,1.0,,2.0,1.0,,,,18.0,,1.0,,,,,,,,1.0,,,,,,,,,,,,6.0,,,,,,
Rudolf Carnap_4 The Road to Syntax.txt,,3.0,,,,,,,,,4.0,2.0,1.0,,1.0,,,27.0,,,7.0,,3.0,,,1.0,,1.0,,4.0,2.0,,,1.0,,,,,1.0,,,,2.0,,,,,,,,,,,,
Epistemology_1 The Varieties of Cognitive Success.txt,,9.0,,66.0,3.0,1.0,,,,,3.0,,1.0,,1.0,,,,,3.0,,11.0,,,,,,,,,1.0,,1.0,1.0,,,3.0,,,1.0,,,,,,,,1.0,,,,,,,
Otto Neurath_2 From economic theory to scientific epistemology.txt,,1.0,3.0,,,,,2.0,,1.0,,,4.0,1.0,,,,31.0,,,,,5.0,,,,,3.0,,,3.0,,,,,3.0,,,,,,,,,,,,,,,,,,,
Epistemology_5 Sources of Knowledge and Justification.txt,,34.0,3.0,2.0,2.0,13.0,,,,9.0,,1.0,,,,11.0,,,,6.0,,6.0,,,,7.0,,,,6.0,,,1.0,2.0,,,3.0,,,6.0,,,2.0,,,,,,,,,,,,
The Philosophy of Neuroscience_2 Eliminative Materialism and Philosophy Neuralized.txt,,4.0,,11.0,1.0,,,1.0,,2.0,2.0,2.0,1.0,,3.0,5.0,,1.0,,,,,1.0,,3.0,,1.0,,,,1.0,,1.0,,,,,,7.0,2.0,,5.0,1.0,,,,,,,,,18.0,,1.0,2.0
Reference_6 Negative Views of Reference.txt,,1.0,,,,,,,,,1.0,3.0,,,,,,9.0,,,1.0,3.0,,1.0,,1.0,,9.0,,4.0,1.0,1.0,2.0,,,,,,,,,,,,,,,,1.0,,,,,,
Moritz Schlick_8 The Protocol Sentence Controversy.txt,,1.0,,,,,,,1.0,,,,,,,2.0,,7.0,2.0,,5.0,,4.0,,,,,,,1.0,4.0,,,1.0,,,,,,,,,,,,,,,,,,,,,1.0
Ancient Logic_5 The Stoics.txt,,1.0,1.0,,,1.0,,,,,,1.0,,,,,,1.0,4.0,,2.0,,7.0,,,,,,,4.0,2.0,,,23.0,,,4.0,,,,,,,,2.0,3.0,,,,,,,,,
Epistemological Problems of Perception_1 The Problem of the External World.txt,,5.0,,,1.0,5.0,,,,4.0,,,,,,1.0,,,,,,4.0,,,,2.0,,,,,,,,1.0,,,,,,12.0,,2.0,,,,,,,,,,,,,
Knowledge by Acquaintance vs  Description_5 Acquaintance and Inferential Knowledge.txt,,17.0,1.0,,,2.0,,,,,,,,,,,,,,3.0,,,3.0,,,,,,,10.0,,,,,,,8.0,,,,6.0,,,,,,,,,,,,,,
Willard Van Orman Quine_2 Quines Naturalism and its Implications.txt,,19.0,2.0,1.0,,3.0,,,,1.0,2.0,,3.0,2.0,,,,2.0,1.0,,,4.0,,3.0,,2.0,,1.0,,1.0,,,5.0,1.0,,,,,,,,,,,,,,,,,,,,,
The Analysis of Knowledge_10 VirtueTheoretic Approaches.txt,,12.0,,1.0,,,,,,,1.0,,,,,,,,,,,,,,,,,,,5.0,,,,,,2.0,,,,,,,,,,,,,,,,,,,
Gottfried Wilhelm Leibniz_6 Epistemology.txt,,18.0,2.0,,6.0,4.0,2.0,1.0,,8.0,1.0,,3.0,,,,,,,,,,,1.0,,19.0,,2.0,,4.0,,,1.0,2.0,,,1.0,,,3.0,,,1.0,1.0,,,,,,,,,,,2.0
Descartes Epistemology_9 SelfKnowledge.txt,,2.0,1.0,1.0,7.0,,2.0,1.0,,,,2.0,,,,,,,,1.0,,7.0,,,,8.0,,,,3.0,,2.0,1.0,,,,,,,23.0,,2.0,,,,,,,,,,,,,
The Analysis of Knowledge_1 Knowledge as Justified True Belief.txt,,18.0,1.0,1.0,1.0,6.0,,,,1.0,,,,,,,,,,1.0,1.0,,,,,,,1.0,,5.0,,,1.0,,,,,,,,,,,,,,,,,,,,,,
Private Language_3 The Private Language Argument Expounded.txt,,1.0,1.0,,2.0,4.0,,,,,2.0,,,,,1.0,,32.0,3.0,,,2.0,,,,1.0,,6.0,,5.0,,,2.0,,,,,,,,,,,1.0,,,,,,,,,,,
Gottlob Frege_2 Freges Logic and Philosophy of Mathematics.txt,,1.0,18.0,,,,7.0,,,,23.0,36.0,7.0,1.0,12.0,,,8.0,15.0,3.0,11.0,32.0,40.0,1.0,7.0,1.0,,2.0,,3.0,,,,54.0,1.0,,2.0,,3.0,,,,3.0,7.0,,,5.0,,,,,,,,
Ancient Logic_7 Later Antiquity.txt,,1.0,1.0,,,4.0,,,,,,1.0,,,1.0,,,,,,1.0,,7.0,,,,,,,,,,,16.0,,,,,,,,,1.0,,,12.0,,,,,,,,,
Rudolf Carnap_6 Semantics and Modality.txt,,1.0,,,,,,,,,2.0,1.0,1.0,1.0,,,,16.0,5.0,,8.0,,11.0,,,,,1.0,,6.0,5.0,,,12.0,,,,,,,,,2.0,,,,,,,,,,,,
Connectionism_9 Connectionism and the Elimination of Folk Psychology.txt,,1.0,1.0,1.0,,1.0,,,,,,,,,,,,,,,,,,,,1.0,,,,2.0,,,,,,,,,,,,5.0,,,,,,,,,,,,,2.0
Mental Imagery_2 PreScientific Views of Imagery.txt,,1.0,14.0,11.0,26.0,1.0,2.0,,,6.0,3.0,,1.0,1.0,,7.0,,1.0,,,,4.0,,,4.0,9.0,,2.0,,,1.0,3.0,7.0,,,2.0,,,2.0,5.0,,10.0,,,,,,,,,,1.0,,,3.0
Neutral Monism_4 Traditional Versions of Neutral Monism.txt,,7.0,7.0,,12.0,4.0,,6.0,,20.0,9.0,2.0,3.0,1.0,,2.0,,,,3.0,,7.0,9.0,2.0,4.0,5.0,,,,,,,,,,2.0,,,,2.0,,,,,,,,,,,,,,,
Hans Reichenbach_3 Epistemology and Metaphysics.txt,,9.0,4.0,,,2.0,,,,13.0,2.0,,,,3.0,,,5.0,,1.0,,5.0,8.0,2.0,3.0,3.0,,1.0,,3.0,1.0,,,4.0,,,1.0,,,3.0,23.0,,1.0,1.0,,,,18.0,,,,,,,
Logical Truth_1 The Nature of Logical Truth.txt,,10.0,6.0,2.0,,2.0,,,,2.0,2.0,4.0,8.0,2.0,1.0,,,,5.0,2.0,4.0,1.0,99.0,4.0,1.0,3.0,,,,34.0,1.0,,4.0,17.0,,,7.0,3.0,,,,,1.0,1.0,,1.0,,,,,1.0,,,,1.0
The Analysis of Knowledge_11 Knowledge First.txt,,20.0,,,,,,,,,,1.0,,,,,,,,,,,,,,,,,,1.0,,,,,,,,,,,,,,,,,,,,,,,,,
Aristotle_4 Logic Science and Dialectic.txt,,3.0,,,,2.0,,,,3.0,,,1.0,,,,,,,,,,1.0,,,,,,,1.0,,,,15.0,,,,,,2.0,,,1.0,3.0,1.0,1.0,,,,,,,,,
Causal Theories of Mental Content_2 Some Historical and Theoretical Context.txt,,1.0,1.0,2.0,20.0,,7.0,,,,1.0,1.0,2.0,,1.0,,,1.0,,,2.0,1.0,,,7.0,,,1.0,,,3.0,2.0,,,,,,,3.0,,,,,,,,,,,,,,,,
Bertrand Russell_3 Russells Work in Analytic Philosophy.txt,,27.0,1.0,2.0,,1.0,,,,,4.0,,,2.0,1.0,,,5.0,,,,6.0,9.0,,,2.0,,1.0,,,,,,8.0,,,6.0,,,,,,5.0,,,,,,1.0,1.0,,,,,
Consciousness_8 Metaphysical theories of consciousness.txt,,2.0,2.0,2.0,10.0,,,20.0,3.0,3.0,,,,1.0,,,,,,,,,,,,1.0,,,,,,1.0,,,,1.0,,,,,,3.0,,,,,,,,,,4.0,,,
The Computational Theory of Mind_4 Neural networks.txt,,1.0,1.0,14.0,12.0,2.0,,,,1.0,2.0,2.0,,2.0,2.0,,,3.0,1.0,,,,,1.0,1.0,2.0,,,,,1.0,3.0,,8.0,,10.0,,,,3.0,,13.0,,,,,,,,,,58.0,,,
The Analysis of Knowledge_2 Lightweight Knowledge.txt,,3.0,1.0,,,4.0,,,,,,1.0,1.0,,,,,,,,2.0,,,,,,,,,,,,,,,,,,,,,,,,,,,,,,,,,,
Herbert Feigl_3 Logical Empiricism and Scientific Realism.txt,,4.0,1.0,,,,,,,3.0,,,,1.0,1.0,1.0,,5.0,1.0,2.0,2.0,,18.0,,,,,1.0,,7.0,,,,4.0,,1.0,5.0,,,,,,2.0,,,,,,,,,,,,
Mental Imagery_4 Imagery in Cognitive Science.txt,,5.0,13.0,41.0,83.0,3.0,,3.0,,17.0,3.0,6.0,2.0,1.0,1.0,4.0,2.0,16.0,1.0,,2.0,6.0,1.0,,15.0,11.0,,4.0,,,2.0,11.0,5.0,,,9.0,3.0,,25.0,18.0,,17.0,,1.0,,,,,,,,9.0,,,21.0
The Analysis of Knowledge_7 Is Knowledge Analyzable.txt,,10.0,,1.0,,,,,,,,,,,,,,,,,,,,,,,,,,4.0,,,,,,,,,,,,,,,,,,,,,,,,,
Alfred North Whitehead_5 Philosophy of Education.txt,,5.0,9.0,,1.0,2.0,3.0,,,6.0,,,,1.0,1.0,,,,,,,,1.0,,,3.0,,1.0,,,,,,,,,,,,,,,2.0,,,,,,,,,,,,
Willard Van Orman Quine_4 Quinean Epistemology.txt,,13.0,1.0,6.0,,5.0,,,,2.0,1.0,,,,,,,17.0,22.0,,32.0,,1.0,,,,1.0,2.0,,,4.0,,1.0,,,,,,,,,,,,,,,,,,,10.0,,,
Folk Psychology as Mental Simulation_1 The Origins and Varieties of ST.txt,,1.0,,3.0,5.0,,,,,,,,,,,,,,,,,,,,,,,,,1.0,,,,,,,,,,1.0,,,,,,,,,,,,,,,
Alfred North Whitehead_4 Philosophy of Science.txt,,1.0,1.0,,,1.0,,,,1.0,2.0,,,3.0,5.0,1.0,,,,,,2.0,1.0,,,9.0,,1.0,,1.0,,,,,,,,,,15.0,,,1.0,,,,,,,1.0,,,,1.0,
Rudolf Carnap_2 Toward the Aufbau.txt,,7.0,2.0,,,,,,,10.0,2.0,1.0,1.0,2.0,,2.0,2.0,6.0,,,2.0,2.0,7.0,,1.0,,,,,1.0,,1.0,1.0,6.0,,,,,,1.0,,,7.0,,,,,,,1.0,,,,,
Alfred North Whitehead_7 Religion.txt,,2.0,2.0,,,1.0,,,,6.0,,1.0,,1.0,,4.0,,,,,,,1.0,,,,,5.0,,2.0,,,,,,,,,,,,,,,,,,,,1.0,,,49.0,,
Moral Psychology  Empirical Approaches_4 Virtue Ethics and Skepticism About Character.txt,,1.0,3.0,,,,,,,,,,,,,,,,,,,,,,,,22.0,,2.0,,,,,,,2.0,,,,,,,,,,,,,15.0,7.0,,,,,
Epistemology_2 What is Knowledge.txt,,17.0,2.0,9.0,1.0,20.0,,,,1.0,1.0,,1.0,,,,,1.0,,1.0,,1.0,,,,1.0,,,,3.0,,,1.0,,,,1.0,,,1.0,1.0,,,,,,3.0,,,,,,,,
Moores Moral Philosophy_1 Nonnaturalism and the OpenQuestion Argument.txt,,1.0,2.0,,,,,,,,,,,,,,,,2.0,,,,,,,,13.0,,,,,,1.0,,,,1.0,,,,,,,,,,,,3.0,,,,,,
Francis Herbert Bradley_6 Metaphysics.txt,,1.0,14.0,1.0,,1.0,,1.0,,8.0,2.0,,2.0,3.0,,,,,,,,4.0,1.0,,2.0,1.0,,,,8.0,,,1.0,4.0,,,,,,,,,,1.0,,,,,,,,,1.0,,
Moral Naturalism_1 Introduction.txt,,3.0,,,,5.0,,,,,,2.0,,,,,,1.0,,,,,,,,,84.0,,4.0,,2.0,,,,,,,,,,,,,,,,,,,,,,1.0,,
Mental Representation_8 The Computational Theory of Mind.txt,,1.0,5.0,14.0,23.0,,1.0,,,,,,,,,,,5.0,,,,5.0,,,8.0,5.0,,,,,1.0,6.0,,,,2.0,,,10.0,1.0,,5.0,,,,,,,,,,2.0,,,4.0
Vagueness_3 The Philosophical Challenge Posed by Vagueness.txt,,2.0,,,,1.0,,,,,,6.0,,,1.0,,,,,,,,,,,,,2.0,,,1.0,,,8.0,,,,,,,3.0,,,,,,,1.0,,,,,,,
George Edward Moore_3 Principia Ethica.txt,,8.0,,1.0,,,1.0,1.0,,,,,,,,,,,,,,,,2.0,,,3.0,1.0,2.0,3.0,,,,,,,,,,,,,,,,,,,3.0,29.0,,,,,
Externalism About Mental Content_8 Externalism and Cognitive Science.txt,,8.0,2.0,6.0,5.0,,,,,1.0,1.0,2.0,,,,,,3.0,,,,,,,1.0,1.0,,1.0,,,,,,,,,,,3.0,6.0,,4.0,,,,,,,,,,,,,1.0
Bertrand Russell_5 Russells Theory of Neutral Monism.txt,,3.0,1.0,,7.0,,1.0,,,,,,,,,,,,,,,,1.0,,,4.0,,1.0,,1.0,,,,,,,1.0,,,,,,,,,,,,,,,,,,
Ernst Cassirer_4 The Philosophy of Symbolic Forms.txt,,2.0,7.0,,,,,1.0,,1.0,4.0,,,2.0,4.0,1.0,,5.0,,,,1.0,,,,,,,,1.0,1.0,,,1.0,,,,,,1.0,,,1.0,,,,,,,,,,1.0,1.0,
Bernard Bolzano_3 Logic.txt,,1.0,,,5.0,1.0,,,,,10.0,10.0,28.0,2.0,2.0,,,4.0,2.0,100.0,2.0,14.0,47.0,4.0,,3.0,,10.0,,16.0,5.0,,7.0,32.0,,,72.0,,,,9.0,,1.0,13.0,,3.0,1.0,,,,,,,,
Truthmakers_1 What is a Truthmaker.txt,,1.0,,1.0,,2.0,2.0,,,,2.0,,1.0,1.0,1.0,,,,2.0,9.0,3.0,2.0,6.0,,11.0,,,1.0,,39.0,,4.0,,2.0,,,18.0,,4.0,,,,,,,,3.0,,,,,,,,
Logic and Artificial Intelligence_3 Nonmonotonic Reasoning and Nonmonotonic Logics.txt,,4.0,1.0,,,,,,,,2.0,6.0,13.0,2.0,,,,6.0,,,,,24.0,2.0,3.0,,,1.0,,2.0,,,,43.0,14.0,4.0,,,3.0,,3.0,,1.0,4.0,,,,1.0,,,,,,,
Metaethics_5 Moral Epistemology.txt,,4.0,,,,3.0,,,,,,,1.0,1.0,1.0,,,,,,,,,,,,18.0,,5.0,,,,,,,,,,,,,,,,,,,,,,,,,,
Knowledge by Acquaintance vs  Description_1 The Distinction.txt,,59.0,1.0,2.0,1.0,6.0,1.0,,,1.0,11.0,,,,,1.0,,3.0,,1.0,,8.0,,,1.0,1.0,,2.0,,2.0,2.0,1.0,,,,,1.0,,,2.0,,,,,,,,,,,,,,,
Concepts_3 Empiricism and nativism about concepts.txt,,1.0,2.0,7.0,2.0,,2.0,,,2.0,,3.0,3.0,1.0,,,,7.0,2.0,,2.0,,4.0,,,7.0,,,,1.0,2.0,,,,,,1.0,,15.0,,,,,,,,,,,,,1.0,,,1.0
Qualia_3 Are Qualia Irreducible NonPhysical Entities.txt,,4.0,4.0,,1.0,7.0,2.0,2.0,11.0,14.0,,,,,,10.0,,,,1.0,,,,1.0,,,,,,,,,,,,,,,,,,,,,,,,,,,,,,,
Externalism About Mental Content_Introduction.txt,,3.0,,,16.0,1.0,,,1.0,,1.0,,,,,,,,,1.0,,,,,,,,1.0,,1.0,,,,,,,,,,,,1.0,,,,,,,,,,,,,
Russells Moral Philosophy_9 Objections to Objectivism.txt,,2.0,,,,,,,,,1.0,1.0,,,,,,1.0,,2.0,,,1.0,,,,15.0,,,3.0,,,1.0,1.0,,,,,,,,,1.0,1.0,,,,,7.0,5.0,,,,,
Hans Reichenbach_6 Ethics and Free Will.txt,,2.0,,1.0,,,,,,1.0,,,,,,,,,,,1.0,,1.0,,,,2.0,,,1.0,,,,1.0,,,,,,,1.0,,,,,,,,5.0,10.0,,,,,
Philosophy of Mathematics_1 Philosophy of Mathematics Logic and the Foundations of Mathematics.txt,,1.0,,,,,,,,,,,1.0,1.0,6.0,,,,,,,1.0,,,,,,,,,,,,1.0,,1.0,,,,,,,9.0,1.0,,,,,,,,,,,
Immanuel Kant_5 Morality and freedom.txt,,14.0,,1.0,,3.0,,4.0,4.0,16.0,1.0,,2.0,,,,,3.0,,,,3.0,,,,1.0,32.0,2.0,9.0,,,,,,,,,,,,,,,,,,,,,,,,,,1.0
Hans Reichenbach_2 Causality and Probability.txt,,6.0,1.0,,,,,,,,,1.0,6.0,,7.0,,,1.0,,1.0,,,3.0,3.0,3.0,,,1.0,,,,,,4.0,,,,,,,78.0,,,,,,,12.0,,,,,,,
Descartes Epistemology_3 First Meditation Doubting Arguments.txt,,2.0,2.0,5.0,,13.0,,,,8.0,,1.0,,,,6.0,,,,,,5.0,,,,4.0,,,,1.0,,,,,,,,,,,,,,,,,,,,,,,,,
Karl Popper_8 Immutable Laws and Contingent Trends.txt,,17.0,1.0,,,2.0,,,,,,3.0,,,,,,,,,,,3.0,,,,,,,1.0,,,,,,,,,,,,,,,,,,,,,,,,,
Logical Constructions_10 Successors to Logical Construction.txt,,1.0,,,,,,,,4.0,2.0,1.0,2.0,,1.0,2.0,,3.0,,,2.0,3.0,16.0,,,1.0,,1.0,,1.0,,,1.0,1.0,,3.0,1.0,,,,,,,,,,,,,,,,,,
The Contents of Perception_2 Contents as Accuracy Conditions.txt,,1.0,3.0,1.0,7.0,,1.0,,,69.0,7.0,1.0,1.0,1.0,,72.0,3.0,,1.0,,,8.0,,,1.0,1.0,,,,2.0,,,,,,1.0,1.0,,,8.0,,,,,,,,,,,,,,,
The Analysis of Knowledge_13 Contextualism.txt,,5.0,,,1.0,,,,,,,,,,,,,1.0,,,1.0,,,,,,,1.0,,,,,3.0,,,,1.0,,,,,,,,,,1.0,,,,,,,,
Logic and Artificial Intelligence_7 Reasoning about Knowledge.txt,,6.0,,1.0,,,,,,,,,,,,,,1.0,,,,,9.0,,,,,,,,,,,10.0,1.0,3.0,,,2.0,1.0,,,,,,,,,,,,,,,
Freges Theorem and Foundations for Arithmetic_6 Philosophical Questions Surrounding Freges Theorem.txt,,7.0,8.0,,,8.0,,,,1.0,14.0,6.0,8.0,3.0,3.0,,,2.0,2.0,3.0,,31.0,17.0,5.0,,,1.0,4.0,,6.0,,,1.0,13.0,,1.0,1.0,,,,,,1.0,4.0,,,,,,,,,,,
Intuitionism in the Philosophy of Mathematics_6 Philosophy.txt,,2.0,1.0,,,,,1.0,,,,,,,10.0,,3.0,1.0,2.0,,,1.0,1.0,,,,,1.0,,1.0,,,,7.0,,,2.0,,,,,,10.0,2.0,,,,,,,,,,,
The Analysis of Knowledge_5 Modal Conditions.txt,,31.0,,,,7.0,,,,,,,1.0,,,,,,,2.0,,,,,,,,,,3.0,,,,,,2.0,,,,,,,,,,,,,,,,,,,
Logic and Artificial Intelligence_11 Contextual Reasoning.txt,,1.0,,,,,,,,,,,,,,,,1.0,1.0,,,,1.0,,2.0,,,,,1.0,,,,6.0,,,,,,,,,,,,,,,,,,,,,
Embodied Cognition_2 Some Historical Anchors for Embodied Cognitive Science.txt,,3.0,1.0,24.0,1.0,,,2.0,,14.0,,,,,,,1.0,4.0,,,,1.0,,,,12.0,,,,,,1.0,,,,,,1.0,3.0,1.0,,,,,,,,,,,,1.0,,,24.0
Bernard Bolzano_4 Epistemology and Philosophy of Science.txt,,5.0,2.0,,14.0,,,,,2.0,6.0,2.0,11.0,,1.0,,,1.0,,35.0,1.0,1.0,20.0,3.0,,13.0,,2.0,,7.0,,,6.0,1.0,,,31.0,,,,9.0,,4.0,5.0,,,,,1.0,,,,,,
Cognitive Science_2 Methods.txt,,1.0,1.0,15.0,8.0,,,,,,,,,1.0,,,,1.0,,,2.0,,,,3.0,10.0,,1.0,,,,,1.0,,,,,,1.0,,,6.0,,,,,,,,,,,,,
Aristotles Logic_6 Demonstrations and Demonstrative Sciences.txt,,24.0,,1.0,,4.0,,,,4.0,2.0,,1.0,,,1.0,,,,1.0,,4.0,2.0,,,2.0,,1.0,,,,,1.0,1.0,,,2.0,,,2.0,,,,,,,,,,,,,,,1.0
Epistemology_6 The Limits of Cognitive Success.txt,,9.0,2.0,7.0,1.0,35.0,,1.0,,,,,,,,3.0,,,,2.0,1.0,,,,,3.0,,,,1.0,,,,,,,,,,1.0,,,,,,,2.0,,,,,,,,
Private Language_2 The Significance of the Issue.txt,,5.0,4.0,,3.0,2.0,,,,1.0,4.0,,1.0,,2.0,3.0,,24.0,,1.0,,7.0,5.0,,,2.0,,3.0,,,,,3.0,,,,,,,,,,1.0,,,,,,,,,,,,
Logic and Artificial Intelligence_10 Taxonomic Representation and Reasoning.txt,,3.0,,,,,,,,,,1.0,,,,,,,,,,,2.0,,1.0,,,,,,,,,7.0,2.0,,,,1.0,,,,,,,,,,,,,,,,
Necessary and Sufficient Conditions_4 Inferences Reasons for Thinking and Reasons Why.txt,,3.0,2.0,,,2.0,,1.0,,,,2.0,1.0,,4.0,,,,6.0,,3.0,,1.0,,1.0,,,,,23.0,,,2.0,2.0,,,,,,,,,,,,,,,,,,,,,
A Priori Justification and Knowledge_8 What is a priori knowledge.txt,,32.0,,,,7.0,,,,,,,,,1.0,,,,,,,,,,,,,,,1.0,,,,1.0,,,1.0,,,,1.0,,,1.0,,,,,,,,,,,
Singular Propositions_2 Reasons for Singular Propositions The modal argument.txt,,1.0,,,,,,,,,,,,,,,,,2.0,10.0,2.0,2.0,,,,,,,,6.0,,,,,,1.0,20.0,,,,,,,,,,,,,,,,,,
Neutral Monism_1 Neutrality.txt,,,2.0,,20.0,,,,1.0,2.0,,2.0,1.0,1.0,1.0,,,,,,,,,,,,,,,,,,,,,,,,,,,,,,,,,,,,,,,,
The Contents of Perception_3 Varieties of Content.txt,,,2.0,2.0,,1.0,,,4.0,51.0,9.0,1.0,5.0,,,40.0,9.0,5.0,2.0,3.0,8.0,10.0,1.0,1.0,6.0,,,,,,,,,,,,,,,,,,,,,,,,,,,,,,
Moral Cognitivism vs  Non Cognitivism_3 Motivations for Noncognitivism.txt,,,2.0,3.0,1.0,,,,,,3.0,1.0,2.0,,,,,3.0,2.0,,2.0,3.0,,,,2.0,83.0,4.0,3.0,3.0,3.0,1.0,1.0,,,,,,,,,,,,,,,,,,,,,,
States of Affairs_2 Thoughts and States of Affairs.txt,,,10.0,,,,29.0,,,,6.0,3.0,7.0,5.0,,,,,5.0,7.0,16.0,10.0,1.0,2.0,,1.0,,,,2.0,,,,,,,4.0,,,,2.0,,,,,,1.0,,,,,,,,
Logic and Artificial Intelligence_2 John McCarthy and Common Sense Logicism10.txt,,,1.0,,,,,,,,,,,,,,,,,,,,8.0,,,,,,,,,,,4.0,,,,,1.0,,,,,,,,,,,,,,,,
Interpretations of Probability_4 Conclusion Recent Trends Future Prospects.txt,,,1.0,,,,,,,,,,,,2.0,,,,,,,,2.0,3.0,1.0,,,,,,,,,,,1.0,2.0,,,,31.0,,,,,,,18.0,,,,,,,
The Contents of Perception_5 How Are Objects Represented In Perception.txt,,,2.0,2.0,1.0,,,,1.0,43.0,16.0,,,,,21.0,11.0,,1.0,1.0,,17.0,,,3.0,5.0,,,,,,,,,,,,,1.0,,,,,,,,,,,,,,,,
Virtue Ethics_3 Objections to virtue ethics.txt,,,2.0,,,3.0,,,,,,4.0,,,,,,,,,,,,,,,8.0,,,3.0,,,,,,,,,,1.0,,,,,,,,,26.0,9.0,,,,,
Propositions_2 Roles for Propositions Modality.txt,,,12.0,1.0,4.0,,6.0,,,,6.0,,1.0,4.0,,,1.0,,2.0,5.0,7.0,5.0,,,,3.0,,3.0,,6.0,1.0,,,2.0,,,17.0,,,,,,2.0,,,,,,,,1.0,,,,
Formalism in the Philosophy of Mathematics_3 Tractarian Formalism.txt,,,1.0,,,1.0,,,,,1.0,,,,8.0,,,7.0,,2.0,3.0,,3.0,,,1.0,,1.0,,5.0,,,,1.0,,1.0,7.0,,,,,,15.0,3.0,,,,,,,,,,,
Russells Logical Atomism_2 Origins and Development of Russells Logical Atomism.txt,,,6.0,,4.0,,,,,,1.0,8.0,1.0,,,,,2.0,8.0,57.0,,3.0,7.0,,,6.0,,,,14.0,,,5.0,5.0,,,32.0,1.0,,,,,3.0,,,,,,,,,,,,
Eliminative Materialism_2 Contemporary Eliminative Materialism.txt,,,2.0,6.0,26.0,,1.0,1.0,1.0,,1.0,2.0,1.0,,,,,,,1.0,,,,,,6.0,,1.0,,,,,,,,,,1.0,,,,1.0,,,,,,,,,,,,,
Propositions_Sparse and Abundant Conceptions of Propositions.txt,,,1.0,,,,,,,,,,,,,,,1.0,1.0,8.0,1.0,1.0,,,,,,,,4.0,3.0,,,,,,15.0,,,,,,,,,,,,,,,,,,
Logical Pluralism_2 Logical Pluralism via Linguistic Pluralism.txt,,,3.0,,,,,,,,,2.0,,,,,,12.0,1.0,,7.0,,22.0,,,,,3.0,,2.0,3.0,,,19.0,12.0,,,,,,1.0,,,1.0,,,,,,,,,,,
The Identity Theory of Truth_4 Identity sense and reference.txt,,,5.0,,,1.0,13.0,,,,1.0,,,,,,,,,2.0,2.0,8.0,,,,1.0,,,,1.0,1.0,,5.0,,,,25.0,,,,,,,,,,,,,,,,,1.0,
Logical Constants_4 Topic neutrality.txt,,,2.0,,,,,,,,3.0,1.0,6.0,1.0,,,,,,1.0,1.0,7.0,11.0,1.0,,,,1.0,,2.0,,,,14.0,,,3.0,,,,,,,,,,,,,,,,,,
Religious Language_3 The Use of Religious Language.txt,,,2.0,1.0,,,,,,,2.0,1.0,1.0,,1.0,,,12.0,5.0,2.0,11.0,5.0,1.0,1.0,,1.0,1.0,,,7.0,3.0,1.0,2.0,,,,,22.0,,2.0,,,2.0,,,,,,,,,,9.0,,
Structured Propositions_5 Historical Antecedents to Current Views Russell.txt,,,1.0,,,,,,,,,1.0,,,,,,,3.0,10.0,1.0,,,,,,,1.0,,,,,1.0,,,,15.0,,,,,,,,,,1.0,,,,3.0,,,,
Virtue Ethics_2 Forms of Virtue Ethics.txt,,,3.0,,,,1.0,4.0,,,,3.0,1.0,,,,,,,,,,,,,,7.0,,,,,,,,,,,,,,,,,,,,,,21.0,1.0,,,,,
Neutral Monism_5 Contemporary Versions of Neutral Monism.txt,,,3.0,,38.0,3.0,,1.0,2.0,9.0,3.0,1.0,2.0,1.0,1.0,,,,,,,2.0,1.0,1.0,,5.0,,,,,,,,,,,,,,,,4.0,,,,,,,,,,5.0,,,
Alfred Jules Ayer_7 Ethics.txt,,,4.0,1.0,,,2.0,,,,,,,,,,,2.0,,,1.0,,1.0,,,,24.0,,,2.0,,,,,,,,1.0,,,,,,,,,,,1.0,,,,,,
Singular Propositions_3 Reasons for Singular Propositions The argument from indexicals and demonstratives.txt,,,23.0,5.0,,,11.0,,,,1.0,,,,,,,4.0,17.0,10.0,4.0,1.0,1.0,,,1.0,,,,11.0,4.0,,,1.0,,,7.0,,,,,,,,,,,,,,,,,,
Logical Constants_5 Permutation invariance.txt,,,1.0,,,,,,,,5.0,2.0,15.0,1.0,2.0,,,1.0,,,,21.0,47.0,9.0,,,,,,5.0,1.0,,,11.0,1.0,,,,,,,,2.0,,,,,,,,,,,,
Intentionality_10 Is intentionality exhibited by all mental phenomena.txt,,,3.0,6.0,41.0,,2.0,39.0,30.0,9.0,,3.0,1.0,,,5.0,1.0,,,,,4.0,,,1.0,6.0,,,,,,,4.0,,,1.0,,,7.0,1.0,,2.0,,,,,,,,,,,,,
Wittgensteins Logical Atomism_1 Names and Objects.txt,,,1.0,,,,,,,,,,,,,,,2.0,1.0,1.0,1.0,6.0,3.0,,,,,,,,,,,,,,9.0,,,,,,,,,,,,,,,,,,
Externalism About Mental Content_3 Responses to the Classic Arguments.txt,,,13.0,1.0,8.0,,2.0,,,,,,,,,,,,,,,,,,1.0,,,,,,2.0,,1.0,,,,,,,,,,,,,,,,,,,,,,
Sense Data_1  What Are Sense Data.txt,,,3.0,,5.0,,,,,2.0,,,,,,,,,,,,3.0,,,,3.0,,,,,,,,,,,,,,12.0,,,,,,,,,,,,,,,
Type Theory_3 Ramified Hierarchy and Impredicative Principles.txt,,,2.0,,,,,,,,,23.0,2.0,,3.0,,,,1.0,1.0,,3.0,1.0,1.0,,1.0,,,,,,,1.0,2.0,,4.0,2.0,,,,,,1.0,9.0,,,,,,,,,,,
Truthmakers_2 Which range of truths are eligible to be made true if any are.txt,,,2.0,,,1.0,,,,,2.0,2.0,4.0,,,,,,5.0,4.0,2.0,4.0,7.0,1.0,,,,2.0,,48.0,,,,2.0,,,4.0,1.0,,,,,,,,,,,,,,,,,
Ludwig Wittgenstein_2 The Early Wittgenstein.txt,,,16.0,,,,3.0,,,,2.0,1.0,,,,,,16.0,,14.0,,10.0,17.0,,2.0,,,6.0,,1.0,2.0,,1.0,15.0,,1.0,36.0,,,,,,1.0,,,,,,4.0,5.0,,,,,
Moral Psychology  Empirical Approaches_3 Moral Responsibility.txt,,,2.0,,4.0,,,,,2.0,1.0,5.0,,4.0,,,,,,,,,,,,,24.0,,5.0,,,,,,,,,,,1.0,,,,,,,,,,,,1.0,,,
"Logic and Artificial Intelligence_9 Logical Approaches to Natural Language and 
Communication.txt",,,1.0,,,,,,,,,1.0,1.0,,,,,3.0,,,,,4.0,,1.0,,,,,,11.0,,,8.0,1.0,,,7.0,,,,,,3.0,,,1.0,,,,,,,,
Francis Herbert Bradley_4 Ethics.txt,,,1.0,,,,,,,,1.0,,,3.0,,,,,,,,,,,,1.0,11.0,,8.0,,,,,1.0,,,,,,,,,,,,,,,3.0,3.0,,,1.0,2.0,
Constructive Mathematics_3 Varieties of Constructive Mathematics.txt,,,1.0,,2.0,2.0,,,,1.0,7.0,4.0,13.0,2.0,3.0,,,1.0,,11.0,,5.0,2.0,4.0,,2.0,,4.0,,,,,,21.0,,1.0,3.0,,,,,,48.0,12.0,,,,,,,,,,,
Connectionism_4 Strengths and Weaknesses of Neural Network Models.txt,,,2.0,4.0,,1.0,,,,,1.0,1.0,,,,,,1.0,,,,,,,1.0,1.0,,,,,,,,,,1.0,,,,,,6.0,,,,,,,,,,8.0,,,
The Problem of Perception_3 Theories of Experience.txt,,,3.0,1.0,15.0,1.0,,1.0,33.0,153.0,25.0,3.0,,,,44.0,5.0,,2.0,,2.0,57.0,2.0,,15.0,17.0,,2.0,,,,13.0,1.0,,,,,,1.0,62.0,,4.0,,,,,1.0,,,,5.0,,,,
Embodied Cognition_6 Sharper Divides Over Embodied Cognition.txt,,,2.0,34.0,2.0,,,1.0,,2.0,,,,,,1.0,,,,,,,,,1.0,16.0,1.0,,,1.0,,,,,,,,,1.0,,,2.0,,3.0,,,,,,,,2.0,,,38.0
Classical Logic_6 The One Right Logic.txt,,,1.0,,,,,,,,,,,,,,,,,,,,3.0,,,,,,,,,,,25.0,2.0,,,,,,,,,,,,,,,,,,,,
Externalism About Mental Content_4 The Scope of Externalism.txt,,,5.0,2.0,11.0,,9.0,2.0,6.0,,,,,,,2.0,,1.0,,,,3.0,1.0,,,1.0,,3.0,,,4.0,1.0,,,,,,,,,,,,,,,,,,,,,,,
Intentionality_3 The relational nature of singular thoughts.txt,,,5.0,,1.0,,12.0,,,,1.0,,,5.0,,,,,,2.0,,5.0,,,,,,,,,,,,,,,1.0,,,,,,,,,,,,,,,,,,
Descriptions_8 Conclusion.txt,,,1.0,,,,,,,,,,,,,,,2.0,,,1.0,,1.0,,,,,,,,,,,,,,,,,,,,,,,,,,,,,,,,
Logical Constants_1 Syncategorematic terms.txt,,,1.0,,,,,,,,,1.0,,,,,,1.0,1.0,2.0,2.0,,13.0,,,,,6.0,,,,,,1.0,1.0,2.0,5.0,,,,,,,,,,,,,,,,,2.0,
Alfred North Whitehead_6 Metaphysics.txt,,,3.0,,,,,,,13.0,3.0,,,1.0,4.0,2.0,,,,,,7.0,,,,1.0,1.0,3.0,,1.0,,,1.0,,,,,,,7.0,1.0,,1.0,,,,,,1.0,,,,4.0,,
Abstract Objects_3 The Way of Negation.txt,,,1.0,,10.0,,,,,,21.0,2.0,11.0,41.0,1.0,,,,1.0,,,27.0,,15.0,,6.0,,,,,,,,,,1.0,,,,,,1.0,1.0,,,,,,,,,,,,
Mental Imagery_3 Imagery in the Age of Scientific Psychology.txt,,,22.0,12.0,29.0,,4.0,,,4.0,5.0,1.0,1.0,,,4.0,1.0,14.0,4.0,,,3.0,1.0,,9.0,4.0,,2.0,,,5.0,1.0,7.0,,,,,,,,,,,,,,,,,,,,,,4.0
Mental Representation_9 Thought and Language.txt,,,5.0,,8.0,,1.0,,,,2.0,,,,,,,3.0,1.0,,,1.0,,,1.0,,,,,2.0,3.0,,,,,,2.0,,4.0,,,,,,,,,,,,,,,,
Causal Theories of Mental Content_1 Introduction.txt,,,1.0,,3.0,,2.0,,,,,,,,,,,,,,,,,,,,,,,,,,,,,,,,,,,,,,,,,,,,,,,,
Alfred North Whitehead_8 Whiteheads Influence.txt,,,7.0,,,,,,,,,2.0,,1.0,1.0,,,,,,,,2.0,,,,,1.0,,1.0,,,,1.0,,,,,,,,,,,,,,,,,,,1.0,,
The Contents of Perception_7 Content and Phenomenology.txt,,,1.0,,,,,,10.0,27.0,,,,,,28.0,21.0,,,,,,,,,2.0,,,,,,12.0,,,,,,,1.0,1.0,,,,,,,,,,,,,,,
Logical Form_6 Regimentation and Communicative Slack.txt,,,2.0,,2.0,,,,,1.0,,,1.0,1.0,,,,24.0,8.0,5.0,19.0,,15.0,4.0,,,,,,4.0,2.0,,,6.0,,,12.0,,1.0,,,,,,,,,,,,,,,,
Principia Mathematica_4 Volume I.txt,,,2.0,,,1.0,,,,,1.0,11.0,37.0,,8.0,,,9.0,1.0,7.0,5.0,5.0,3.0,16.0,,,,5.0,,5.0,1.0,,1.0,66.0,,,26.0,,,,,,6.0,9.0,,,,,,,,,,,
Alfred Jules Ayer_2 Meaning and Truth.txt,,,3.0,,1.0,,,,,1.0,,,,,,3.0,,1.0,3.0,8.0,9.0,,1.0,,,,3.0,,,9.0,,,,,,,6.0,,,,,,,,,,,,,,,,,,
Logical Consequence_2 Formal and Material Consequence.txt,,,2.0,,,,3.0,,,,3.0,1.0,,3.0,,,,,,,1.0,4.0,10.0,,,,,,,,,,,4.0,,,,,,,,,,,,,,,,,,,,,
Wittgensteins Philosophy of Mathematics_1 Wittgenstein on Mathematics in the Tractatus.txt,,,2.0,,,,,,,,,8.0,2.0,,26.0,,,4.0,,20.0,,1.0,8.0,,,,,1.0,,4.0,2.0,2.0,1.0,4.0,,,27.0,,,,,,14.0,,,,,,,,,,,,
Metaethics_1 General Observations.txt,,,2.0,,,,,,,,,,1.0,2.0,,,,,,,,,,,,,6.0,,13.0,,,,,,,,,,,,,,,,,,,,1.0,,,,,,
The Identity Theory of Truth_5 Difficulties with the theory and possible solutions.txt,,,3.0,,,,4.0,,,,,4.0,1.0,,,,,,4.0,51.0,12.0,3.0,1.0,,,,,,,20.0,,,1.0,,,,33.0,,,,,,,,,,,,,,,,,,
Russells Logical Atomism_5 Influence and Reception.txt,,,1.0,,,,,,,2.0,,,,,,,,3.0,,,2.0,3.0,6.0,,,,,,,1.0,,,,,,,5.0,1.0,,,,,,,,,,,,,,,,,
Qualia_4 Functionalism and Qualia.txt,,,1.0,,,,,1.0,4.0,1.0,,,,,,8.0,,,,,,,,,,1.0,,,,,,2.0,,,,,,,,,,1.0,,,,,,,,,,,,,
Second order and Higher order Logic_14 SecondOrder Arithmetic.txt,,,2.0,,,,,,,,,,5.0,,2.0,,,,,,,,,1.0,,,,,,,,,,2.0,,,,,,,,,6.0,,,,,,,,,,,,
Structured Propositions_3 Some Recent Accounts of Structured Propositions.txt,,,4.0,2.0,3.0,,,,,1.0,14.0,1.0,12.0,4.0,,,,7.0,41.0,93.0,30.0,6.0,1.0,11.0,,3.0,,8.0,,55.0,1.0,9.0,,,,,131.0,,,,,,,,,,2.0,,,,12.0,,,,
Moral Non Naturalism_6 Explaining Supervenience.txt,,,1.0,,6.0,,,,,,,,3.0,,,,,1.0,,,,,,1.0,,3.0,59.0,,,2.0,1.0,,,,,,,2.0,,,,,,,,,,,,1.0,,,,,
Truthmakers_3 What Motivates the Doctrine of Truthmakers.txt,,,1.0,,1.0,,1.0,,,1.0,,1.0,,,,,,2.0,2.0,12.0,2.0,2.0,3.0,,1.0,,,,,55.0,,,,,,2.0,11.0,,2.0,,,,,,,,1.0,,,,,,,,
Moral Non Naturalism_5 Motivation.txt,,,1.0,,,,,,,,,1.0,,,,,,,,,,,,,,3.0,44.0,,3.0,4.0,,,,,,,,,,,,,,,,,,,,,,,,,
Causal Theories of Mental Content_4 General Objections to Causal Theories of Mental Content.txt,,,14.0,,41.0,2.0,5.0,,,1.0,4.0,10.0,1.0,3.0,1.0,1.0,8.0,2.0,2.0,,3.0,6.0,3.0,,15.0,,,,,2.0,,3.0,,1.0,,,,,16.0,2.0,,2.0,,,,,,,,,,,,,
The Language of Thought Hypothesis_1 Mental Language.txt,,,6.0,1.0,61.0,,,,,,2.0,,,1.0,,,,9.0,3.0,7.0,2.0,4.0,16.0,,15.0,1.0,,1.0,,,3.0,3.0,3.0,4.0,,2.0,11.0,1.0,26.0,1.0,,,,,,,,,,,,,,,2.0
Principia Mathematica_2 History of and Significance of Principia Mathematica.txt,,,3.0,,,1.0,,,,,,2.0,8.0,,12.0,,,1.0,,2.0,2.0,1.0,12.0,,,1.0,,2.0,,,,,,17.0,,,2.0,,,,,,12.0,3.0,,,,,,,,,,,
Second order and Higher order Logic_7 Model Theory of SecondOrder Logic.txt,,,2.0,,,2.0,,,,,,1.0,13.0,,4.0,,,,9.0,,4.0,3.0,,,,,,,,,,,,40.0,,26.0,,,,,,,1.0,1.0,,,,,,,,,,,
Moral Psychology  Empirical Approaches_1 Introduction What is Moral Psychology.txt,,,1.0,1.0,3.0,,,,,,,,,,,,,,,,,,,,,1.0,15.0,,,,,,,,,,,,,,,,,,,,,,5.0,9.0,,,,,
Mental Representation in Medieval Philosophy_2 Thomas Aquinas and Formal Sameness.txt,,,7.0,,4.0,,1.0,,,,2.0,,,,,,,,,,,1.0,,,2.0,5.0,,,,,,,,,,,,,1.0,,,,,,,,,,,,,,,,1.0
Consciousness_9 Specific Theories of Consciousness.txt,,,5.0,10.0,21.0,,1.0,55.0,8.0,6.0,3.0,1.0,,,1.0,2.0,,,,,,2.0,1.0,,5.0,,,,,2.0,,13.0,,,,10.0,,,2.0,7.0,,8.0,,,,,,,,,,18.0,,,
The Frege Hilbert Controversy_2 Hilberts Foundations of Geometry.txt,,,1.0,,,,,,,,,1.0,14.0,1.0,1.0,,,1.0,1.0,,8.0,,3.0,1.0,,,,1.0,,,,,,,,,1.0,,,,,,,1.0,,,,,,,,,,,
Representational Theories of Consciousness_2 Varieties of Representationalism.txt,,,3.0,,1.0,,,1.0,7.0,7.0,,,,,,3.0,,,,2.0,,9.0,,,10.0,,,1.0,,,,7.0,2.0,,,,,,4.0,,,,,,,,,,,,,,,,
Intentionality_5 True negative existential beliefs.txt,,,6.0,,,,1.0,,,,4.0,,,,,,,1.0,2.0,8.0,,,2.0,,,1.0,,,,,,,,1.0,,,,,,,,,,,,,,,,,,,,,
The Computational Theory of Mind_3 The classical computational theory of mind.txt,,,8.0,5.0,36.0,,,,,,1.0,,1.0,3.0,,,,5.0,3.0,1.0,1.0,,3.0,,,14.0,,2.0,,,1.0,1.0,,,,8.0,4.0,,8.0,3.0,,2.0,,,,,,,,,,3.0,,,1.0
Bernard Bolzano_9 Metaphysics.txt,,,1.0,,2.0,,,,,,6.0,,,,,,,,,8.0,,3.0,,,,3.0,,,,,,,1.0,,,,3.0,,,,,,,1.0,,,,,,,,,,,
The Computational Theory of Mind_5 Computation and representation.txt,,,2.0,11.0,46.0,,,,,,1.0,,,,2.0,,,3.0,,,,,,,3.0,10.0,,,,1.0,3.0,19.0,2.0,3.0,,1.0,,3.0,3.0,1.0,,1.0,,,,,,1.0,,,,1.0,,,
Medieval Theories of the Syllogism_2 Boethius.txt,,,3.0,,,1.0,,,,,,,,,,,,,5.0,,18.0,,2.0,,,1.0,,,,,1.0,,,12.0,,,,,,,,,,,14.0,7.0,,,,,,,,,
Mental Representation_5 Imagery.txt,,,2.0,2.0,5.0,,,,,,3.0,1.0,,,,,,1.0,,,1.0,,,,11.0,1.0,,,,,,1.0,,,,,,,9.0,,,,,,,,,,,,,,,,
Connectionism_6 Connectionist Representation.txt,,,5.0,3.0,,,,,,1.0,,1.0,,,,,,5.0,,,1.0,,,,14.0,2.0,,1.0,,,,5.0,,,,2.0,,,23.0,,,8.0,,,,,,,,,,7.0,,,2.0
Logical Form_1 Patterns of Reason.txt,,,2.0,,,,,,,,,,,3.0,,,,1.0,3.0,8.0,3.0,,2.0,,,,,1.0,,1.0,,,,,,,18.0,2.0,,,,,1.0,,,2.0,,,,,,,,,
Private Language_1 Overview Wittgensteins Argument and its Interpretations.txt,,,1.0,,,1.0,,,,1.0,,,1.0,,,2.0,,31.0,1.0,,,1.0,,,1.0,,1.0,1.0,,,,,,,,,,1.0,,,,,,1.0,,,,,,,,,,,
Singular Propositions_4 Reasons for Singular Propositions The reduplication argument.txt,,,18.0,,1.0,,4.0,,,,8.0,,3.0,,,,,2.0,,1.0,,12.0,,,,,,,,,,,,,,,5.0,,,,,,,,,,,,,,,,,,
The Frege Hilbert Controversy_6 Conclusion.txt,,,2.0,,,,6.0,,,,,1.0,4.0,1.0,1.0,,,,3.0,,11.0,,6.0,1.0,,,,,,,,,,1.0,,,,,,,,,,2.0,,,,,,,,,,,
John Buridan_4 Logic.txt,,,1.0,,,2.0,,,,,,,,,,,,3.0,,46.0,,1.0,5.0,,,3.0,,,,1.0,1.0,,,14.0,,1.0,14.0,,,,,,,,4.0,1.0,2.0,,,,1.0,,,,1.0
Type Theory_7 Univalent Foundations.txt,,,2.0,,,,,,,,,1.0,16.0,1.0,,,,,,3.0,,1.0,1.0,4.0,,,,,,,,,,,,4.0,3.0,,,,,,,5.0,,,,,,,,,,,
Logical Constructions_2 Logical Analysis and Logical Construction.txt,,,4.0,,,,,,,,1.0,,,,,,,2.0,,1.0,3.0,2.0,16.0,,,4.0,,,,,,,,,,1.0,4.0,,,,,,1.0,3.0,,,,,,,,,,,
Behaviorism_5 Why be a Behaviorist.txt,,,3.0,2.0,10.0,,1.0,,,,3.0,,2.0,,,,,1.0,,,,,,,,1.0,,,,,,,,,,1.0,,,,,,1.0,,,,,,,,,,,,,
Mental Representation in Medieval Philosophy_1 The Ancient Background and the Formation of the Concept.txt,,,2.0,,1.0,,,,,,3.0,,,,,,,,,,,1.0,,,6.0,1.0,,3.0,,,1.0,,,2.0,,,,,9.0,,,,,,,,,,,,,,,1.0,3.0
The Correspondence Theory of Truth_1 History of the Correspondence Theory.txt,,,4.0,,1.0,,2.0,,,,6.0,2.0,1.0,,,,,,5.0,,3.0,1.0,,,1.0,2.0,,2.0,,21.0,,1.0,,2.0,,,,,,,,,,,,,2.0,,1.0,,1.0,,,,
Externalism About Mental Content_9 Active Externalism.txt,,,1.0,11.0,6.0,,,,,,1.0,,,,,,,,,1.0,,1.0,,,,5.0,,,,,2.0,1.0,,,,,,,2.0,2.0,,3.0,,,,,,,,,,,,,3.0
Formalism in the Philosophy of Mathematics_2 Game and Term Formalism.txt,,,1.0,,,,,,,,2.0,1.0,6.0,6.0,9.0,,,3.0,,,1.0,7.0,,2.0,1.0,2.0,,,,1.0,,,,,,1.0,,,,,,,10.0,3.0,,,,,,,,,,,
Kurt Gdel_2 Gdels Mathematical Work.txt,,,4.0,,,,,,,,,46.0,52.0,4.0,2.0,,,9.0,11.0,,8.0,,4.0,14.0,1.0,1.0,,,,8.0,,,,31.0,1.0,33.0,,,,,,,5.0,78.0,,,,,,,,,,,
Wittgensteins Logical Atomism_2 Linguistic Atomism.txt,,,1.0,,,,,,,,,,1.0,,,,,1.0,5.0,21.0,3.0,3.0,1.0,1.0,,2.0,,,,1.0,1.0,,1.0,1.0,,2.0,8.0,,,,,,,,,,,,,,,,,,
Second order and Higher order Logic_9 Axioms of SecondOrder Logic.txt,,,1.0,,,,,,,,,2.0,24.0,,2.0,,,,4.0,1.0,1.0,,,7.0,,,,,,5.0,,,,53.0,,18.0,,,,,,,,4.0,,,,,,,,,,,
Moritz Schlick_4 Special Relativity.txt,,,1.0,,,,,,,,1.0,,,,,,,,,,,,1.0,,,,,2.0,,1.0,,9.0,,,,,,,1.0,,,,,,,,,,,,,,,,
Alfred Tarski_4 Logical constants.txt,,,1.0,,,1.0,,,,,6.0,,15.0,,5.0,,,10.0,,,1.0,10.0,57.0,7.0,,2.0,,,,,,,,3.0,,1.0,,2.0,,,,,,,,,,,,,,,,,
Second order and Higher order Logic_12 Higher Order Logic visvis Type Theory.txt,,,1.0,,,,,,,,3.0,1.0,10.0,,,,,,1.0,,,4.0,,6.0,,,,1.0,,,,,,24.0,3.0,3.0,2.0,,,,,,,,,,,,,,,,,,
Medieval Theories of the Syllogism_4 Peter Abelard.txt,,,2.0,,,,,,,,,,,,,,,,15.0,,25.0,,5.0,,,,,,,1.0,,,2.0,9.0,,,,,,,,,,1.0,3.0,5.0,,,,,,,,,
The Deflationary Theory of Truth_1 History of Deflationism.txt,,,1.0,,,,,,,,,,,,,,,1.0,6.0,3.0,1.0,,1.0,,,,,3.0,,12.0,,,1.0,,,,2.0,,,,,,,,,,,,,,,,,,
Consciousness_1 History of the issue.txt,,,5.0,2.0,6.0,1.0,4.0,21.0,2.0,4.0,,,,,1.0,,1.0,1.0,,,,,,,,3.0,,1.0,,1.0,,,1.0,,,1.0,,1.0,,2.0,,2.0,,,,,,,,,,,,,1.0
Logical Form_ 2 Propositions and Traditional Grammar.txt,,,1.0,,3.0,,,,,,,1.0,,,,,,4.0,2.0,7.0,8.0,,4.0,,,,,1.0,,,,,,4.0,,,11.0,,,,,,,,,,,,,,,,,,
Logical Consequence_3 Mathematical Tools Models and Proofs.txt,,,2.0,,,,,,,,1.0,1.0,11.0,,4.0,,,8.0,7.0,,5.0,1.0,49.0,9.0,,,,,,34.0,1.0,4.0,,10.0,1.0,20.0,,,,,,,,31.0,,,,,,,,,,,
Moral Naturalism_2 Objections to Naturalism.txt,,,4.0,1.0,,1.0,2.0,,,,,2.0,,,,,,,,,,,,,,,45.0,2.0,5.0,8.0,,,,,,,,1.0,,,,,,2.0,,,,,,,,,,,
The Language of Thought Hypothesis_2 Scope of LOTH.txt,,,2.0,7.0,13.0,,,1.0,,,1.0,,,,1.0,,,2.0,,,,,3.0,,4.0,,,,,,1.0,6.0,,,,,,,11.0,3.0,,,,,,,,,,,,,,,3.0
Other Minds_3 The Naturalist Turn.txt,,,2.0,,11.0,2.0,3.0,,,,1.0,,1.0,,,,1.0,1.0,,,,1.0,,,,7.0,,,,,,,,,,3.0,,,,6.0,,1.0,,,,,,,,,,,,,2.0
Mental Representation_1 The Representational Theory of Mind.txt,,,2.0,5.0,14.0,,2.0,,1.0,3.0,,1.0,,,,,,,,1.0,,,,,3.0,3.0,,,,1.0,,2.0,,,,,1.0,,2.0,,,2.0,,,,,,,,,,,,,
Russells Logical Atomism_1 Introduction.txt,,,1.0,,,,,,,,,1.0,1.0,,,,,4.0,1.0,3.0,1.0,,14.0,,,,,1.0,,3.0,,,,,,,7.0,,,,,,,,,,1.0,,,,,,,,
Logical Consequence_4 Premises and Conclusions.txt,,,1.0,,,,,,,,,1.0,2.0,,,,,,,,,,11.0,,,,,,,2.0,,,,4.0,5.0,,,,,,,,,2.0,3.0,,,,,,,,,,
Intentionality_2 Intentional inexistence.txt,,,1.0,,10.0,,1.0,,,,5.0,,1.0,1.0,,,1.0,,,,,6.0,,,,9.0,,,,,,,1.0,1.0,,,,,,,,,,,,,,,,,,,,,
The Language of Thought Hypothesis_3 Mental Computation.txt,,,3.0,2.0,29.0,,2.0,,,,,,,1.0,,,,4.0,,,,,,,,10.0,,,,,1.0,,,1.0,,1.0,,,2.0,,,,,,,,,,,,,1.0,,,1.0
Logical Pluralism_1 CaseBased Logical Pluralism.txt,,,5.0,,,2.0,,,,,2.0,,1.0,,3.0,,,7.0,4.0,,3.0,,39.0,,,,,1.0,,5.0,1.0,,6.0,32.0,12.0,4.0,,,,,,,,,5.0,,,,,,,,,,
Consciousness and Intentionality_2 The Interpretation of Intentionality.txt,,,4.0,,1.0,2.0,2.0,24.0,11.0,11.0,,,,,,8.0,,,,,,,,,2.0,2.0,,1.0,,,,,,,,,,,,,,,,,,,,,,,,,,,
Metaethics_6 Morals motives and reasons.txt,,,4.0,,,,,,,,,,1.0,,,,,,,,,,,,,,19.0,,17.0,,,,,,,,,,,,,,,,,,,,,,,,,,
Moral Psychology  Empirical Approaches_2 Thought Experiments and the Methods of Ethics.txt,,,21.0,1.0,,,1.0,,,1.0,,,1.0,,,,,,,,,,,,,,13.0,,,,,,,,,,,,,,,,,,,,,,,11.0,,,,,
Gottfried Wilhelm Leibniz_2 Overview of Leibnizs Philosophy.txt,,,4.0,,,,,,,,2.0,3.0,,,,,,,,,,1.0,,1.0,,,,1.0,,,,,,,,,,,,,,,,,,,,,,,,,,,
The Correspondence Theory of Truth_7 Modified Versions of the Correspondence Theory.txt,,,3.0,,2.0,,,,,,6.0,,,,,,,3.0,5.0,3.0,14.0,7.0,26.0,,,,,,,19.0,,,,1.0,,,17.0,,,,,,,,,,,,,,,,,,
Qualia_7 Representational Theories of Qualia.txt,,,1.0,1.0,,,,1.0,7.0,16.0,3.0,,,,,20.0,,,,,,,,,3.0,,,,,,,19.0,3.0,,,,,,,,,,,,,,,,,,,,,,
Narrow Mental Content_4 Conceptions of Narrow Content.txt,,,42.0,1.0,20.0,3.0,5.0,,4.0,2.0,,1.0,2.0,1.0,,,,1.0,1.0,6.0,1.0,,2.0,1.0,3.0,2.0,1.0,,,23.0,1.0,,,2.0,,,6.0,,7.0,,,1.0,,,,,,,,,,,,,
Ludwig Wittgenstein_3 The Later Wittgenstein.txt,,,7.0,,2.0,4.0,2.0,,,,1.0,1.0,,3.0,,,,27.0,,5.0,,,2.0,,4.0,2.0,,5.0,,1.0,2.0,,13.0,3.0,,,2.0,,,1.0,,,3.0,,,,,,,,,,,,
Metaethics_8 Moral Principles and Particular Judgments.txt,,,1.0,,,,,,,,,,3.0,,,,,,,,,,,,,,9.0,,4.0,,,,,,,,,,,,,,,,,,,,,,,,,,
Donald Davidson_2 Action and Mind.txt,,,1.0,,26.0,,,,,,,4.0,5.0,,,,,4.0,,,4.0,,5.0,1.0,,9.0,,,,3.0,1.0,,,1.0,,,,,,,,1.0,,,,,,,,,,,,,
Second order and Higher order Logic_1 Introduction.txt,,,1.0,,,,,,,,,3.0,5.0,,3.0,,,1.0,,,,1.0,,,,1.0,,,,,,,,35.0,1.0,6.0,,,,,,,2.0,2.0,,,,,,,,,,,
Reference_1 Introduction.txt,,,1.0,,1.0,,,,,,,,1.0,,,,,2.0,,,,2.0,,,,,,6.0,,,2.0,,1.0,,,,,,,,,,,,,,,,,,,,,,
Propositional Function_11 Categorial Grammar.txt,,,2.0,,,,,,,,1.0,1.0,2.0,,,,,1.0,8.0,,2.0,1.0,2.0,,,,,1.0,,,,,,1.0,2.0,,,,,,,,,,,,4.0,,,,3.0,,,,
The Language of Thought Hypothesis_4 Arguments for LOTH.txt,,,7.0,5.0,16.0,,5.0,,,,,2.0,,,,,,1.0,7.0,,3.0,,7.0,,,1.0,1.0,3.0,,,1.0,,,,,,,,4.0,2.0,,,,,,,,,,,,,,,1.0
Propositional Function_4 Fregean Functions and Concepts.txt,,,4.0,,,,1.0,,,,4.0,,,2.0,,,,1.0,8.0,,2.0,5.0,2.0,,,,,,,2.0,1.0,,,1.0,,,,,,,,,,,,,,,,,,,,,
Intentionality_6 Direct reference.txt,,,5.0,,1.0,,14.0,,,,3.0,1.0,,1.0,,,,2.0,2.0,4.0,1.0,2.0,,,,2.0,,,,1.0,1.0,,1.0,1.0,,,2.0,,,,,,,,,,,,,,,,,,
Logical Constants_6 Inferential characterizations.txt,,,6.0,,,1.0,,,,,,1.0,2.0,,,,,2.0,1.0,,,,21.0,3.0,,,,,,2.0,,,,,1.0,,,,,,,,,3.0,,,,,,,,,,,
The Deflationary Theory of Truth_7 Objections to Deflationism.txt,,,2.0,,,2.0,,,,,1.0,4.0,,,,,,5.0,7.0,30.0,23.0,,3.0,,,,4.0,1.0,,127.0,1.0,,,8.0,1.0,,29.0,,,,,,,,,,,,,,,,,,
Russells Logical Atomism_4 Ontological Aspects of Russells Logical Atomism.txt,,,4.0,,,2.0,,,,,5.0,3.0,,1.0,,,,2.0,,18.0,2.0,5.0,42.0,,1.0,2.0,,,,9.0,,,1.0,1.0,,,26.0,1.0,,,,,1.0,,,,,,,,,,,,
Phenomenal Intentionality_2 The phenomenal intentionality theory.txt,,,1.0,1.0,5.0,1.0,1.0,7.0,72.0,3.0,,,,,,2.0,,1.0,,,,,,2.0,2.0,4.0,,1.0,,,2.0,,,,,,,,,,,,,,,,,,,,,,,,
Narrow Mental Content_1 Introduction.txt,,,1.0,,8.0,,,,,,,,,,,,,,,,,,,,,,,,,,,,,,,,,,,,,,,,,,,,,,,,,,
Wittgensteins Aesthetics_2 The Critique of Scientism.txt,,,2.0,,,,,,,3.0,,,,,,,,,,,,,,,,1.0,1.0,,,1.0,,,1.0,,,8.0,,,,,,,,,,,,,,,,,,,
Wittgensteins Philosophy of Mathematics_2 The Middle Wittgensteins Finitistic Constructivism.txt,,,1.0,,,21.0,,,,,2.0,30.0,36.0,,101.0,,,1.0,,57.0,,2.0,2.0,7.0,,1.0,,5.0,,7.0,,,4.0,3.0,,,24.0,1.0,,,,,36.0,34.0,,,,,,,,,,,
Qualia_2 Which Mental States Possess Qualia.txt,,,3.0,,1.0,,3.0,,3.0,6.0,,,,,,5.0,1.0,2.0,1.0,,,,,,,,,,,,1.0,,,,,,,,,,,,,,,,,,,,,,,,
Consciousness and Intentionality_5 Varieties of Intentionalism.txt,,,8.0,1.0,9.0,1.0,1.0,5.0,,4.0,3.0,,,3.0,,1.0,,4.0,,1.0,,6.0,1.0,,1.0,13.0,,,,2.0,6.0,1.0,,2.0,,,1.0,,1.0,1.0,,,,,,,,,,,1.0,,,,1.0
States of Affairs_4 States of Affairs as Complexes.txt,,,2.0,,,,,,,,3.0,,1.0,,,,,,,,2.0,17.0,1.0,,,,,1.0,,,,,,,,2.0,,,,,,,,,,,,,,,,,,,
Logic and Artificial Intelligence_12 Prospects for a Logical Theory of Practical Reason.txt,,,1.0,1.0,,,,,,,,,,,,,,,,,,,1.0,,,,,,,,,,,9.0,,2.0,,,,,,,,,,,,,,,,,,,
The Language of Thought Hypothesis_5 The Connectionist Challenge.txt,,,1.0,1.0,3.0,,,,,,,,,,,,,,,,,,,,5.0,,,,,,,,,,,3.0,,,7.0,,,3.0,,,,,,,,,,13.0,,,
Propositions_8 The Individuation of Propositions.txt,,,14.0,2.0,9.0,5.0,,,,,6.0,2.0,2.0,12.0,1.0,,,5.0,4.0,45.0,1.0,11.0,1.0,2.0,6.0,1.0,,,,32.0,3.0,20.0,,,,,90.0,,,,,,,,,,,,,,,,,,
Mental Representation in Medieval Philosophy_4 Henry of Ghent and John Duns Scotus on Mental Content.txt,,,4.0,,8.0,,,,,,4.0,,,,,,,,,,,1.0,,,4.0,4.0,,,,,,,,,,,,,1.0,,,,,,,,,,,,,,,,3.0
Wittgensteins Logical Atomism_5 The Dismantling of Logical Atomism.txt,,,2.0,,,,,,,,,,,,1.0,,1.0,,,6.0,,1.0,19.0,,,,,1.0,,3.0,,,,,,,6.0,,,1.0,,,,,,,,,,,,,,,
Logical Form_4 Frege and Formal Language.txt,,,2.0,,,,1.0,,,,2.0,6.0,3.0,1.0,,,,9.0,7.0,22.0,4.0,2.0,10.0,1.0,,,,1.0,,4.0,,,2.0,7.0,,,23.0,1.0,,,,,,,,,1.0,,,,,,,,
George Edward Moore_2 The Refutation of Idealism.txt,,,6.0,,1.0,,1.0,1.0,,9.0,1.0,,,,,,,2.0,,,,2.0,1.0,,1.0,1.0,1.0,,1.0,,,,,1.0,,,6.0,,1.0,,,,,1.0,,,,,,1.0,,,,,
Eliminative Materialism_3 Arguments For Eliminative Materialism.txt,,,1.0,15.0,8.0,2.0,,11.0,9.0,10.0,1.0,3.0,,1.0,1.0,1.0,,1.0,,,2.0,,,,,6.0,,1.0,,,3.0,5.0,,,,,1.0,,7.0,2.0,,3.0,,,,,,,,,,,,,5.0
Moores Moral Philosophy_5 Influence.txt,,,2.0,,,1.0,,,,,,,,,,,,,,,,,2.0,,,,20.0,,1.0,2.0,,,,,,,1.0,,,,,,,,,,,,8.0,1.0,,,,,
Quantifiers and Quantification_3 Extensions of Classical Quantificational Logic.txt,,,3.0,,,1.0,,,,,5.0,4.0,33.0,,,,,35.0,8.0,4.0,8.0,13.0,,30.0,,1.0,1.0,,,17.0,,,,60.0,,39.0,7.0,1.0,,,,,,,,,,,,,,,,,
Structured Propositions_1 Setting Up the Problems.txt,,,1.0,,,,,,,,,,1.0,,,,,,27.0,44.0,8.0,,3.0,1.0,,,,9.0,,,1.0,,3.0,,,,22.0,,,,,,,,,,2.0,,,,,,,,
Consciousness and Intentionality_9 Why It Matters.txt,,,2.0,2.0,10.0,,1.0,34.0,3.0,2.0,,2.0,,,,,,2.0,,,,1.0,,,2.0,28.0,,1.0,,,,1.0,,,,,,,1.0,2.0,,,,,,,,,,,,,,,
Concepts_4 Concepts and natural language.txt,,,6.0,4.0,2.0,1.0,1.0,,,,,1.0,,,,,1.0,17.0,1.0,,,1.0,,,4.0,2.0,,,,,12.0,,,,,,,,4.0,1.0,,,,1.0,,,,,,,,,,,
Structured Propositions_2 From Possible Worlds to Structured Propositions.txt,,,3.0,,,,,,,,5.0,,7.0,,,,,,14.0,29.0,13.0,,1.0,12.0,,,,,,14.0,2.0,,,2.0,,2.0,29.0,,,,,,1.0,,,,,,,,,,,,
Consciousness and Intentionality_6 How Rich is Consciousness.txt,,,5.0,2.0,7.0,,,27.0,22.0,17.0,,1.0,2.0,,,1.0,1.0,2.0,,,,,,,10.0,10.0,,,,,1.0,2.0,,,,,,,,,,,,,,,,,,,,,,,1.0
Interpretations of Probability_2 Criteria of Adequacy for the Interpretations of Probability.txt,,,1.0,,,,,,,,,,,,,,,,,,2.0,,,,,,,,,1.0,,,1.0,,,,,,,,12.0,,,,,,,6.0,,,,,,,
Pseudo Dionysius the Areopagite_5 Afterlife Significance and Influence.txt,,,3.0,,,,,,,,,,,,,,,,,,,,,,,,,,,,,,,,,,,,,,,,,,,,,,,,,,,,
Propositional Function_7 Propositional Functions in Ramified Type Theory.txt,,,1.0,,,,,,,,,,,,,,,,,8.0,,1.0,,,,,,,,,,,,,,,10.0,,,,,,,,,,,,,,,,,,
Neutral Monism_7 Objections to Neutral Monism.txt,,,1.0,,4.0,,,1.0,2.0,18.0,2.0,,,,,,,,,,,1.0,,,,1.0,,,,,,,,,,,,,,,,,,,,,,,,,,,,,
Moral Cognitivism vs  Non Cognitivism_4 Problems Objections and Response Strategies.txt,,,5.0,,,2.0,1.0,,,,1.0,1.0,1.0,,,,,,8.0,6.0,24.0,1.0,19.0,,1.0,4.0,42.0,5.0,1.0,13.0,,1.0,,9.0,,4.0,6.0,3.0,,,,,,,,,,,,1.0,,,,,
Alfred Jules Ayer_4 Induction and Probability.txt,,,3.0,,,,,,,,,,,,,,,,,1.0,,2.0,3.0,,,,,,,,,,,,,,,,,2.0,17.0,,,,,,,1.0,,,,,,,
The Correspondence Theory of Truth_4 Arguments for the Correspondence Theory.txt,,,1.0,,,,,,,,1.0,,,,,,,,,,,,,,,,,,,4.0,,,1.0,,,,,,,,,,,,,,,,,,,,,,1.0
Intuitionism in the Philosophy of Mathematics_5 Metamathematics.txt,,,1.0,,,1.0,,,,,,3.0,4.0,,3.0,1.0,,,,,,,,,,1.0,,,,1.0,,,,3.0,,9.0,,,,,,,15.0,4.0,,,,,,,,,,,
Logical Form_5 Descriptions and Analysis.txt,,,1.0,,,1.0,,,,,1.0,,1.0,,,,,6.0,1.0,16.0,2.0,,11.0,,,,,,,1.0,,,,,,,14.0,,,,,,,,,,,,,,,,,,
Quantifiers and Quantification_4 Quantification and Ontology.txt,,,2.0,,,,,,,,19.0,,7.0,,7.0,,,7.0,7.0,7.0,2.0,47.0,1.0,8.0,,1.0,2.0,,,4.0,1.0,,1.0,47.0,1.0,1.0,,,,,,,3.0,3.0,,,,,,,,,,,
Cognitive Science_3 Representation and Computation.txt,,,,9.0,3.0,,,,,,,,,,,,,,,,,,1.0,,1.0,7.0,,,,,,1.0,,,,2.0,1.0,,3.0,,,5.0,,,,,,,,,,1.0,,,
Qualia_1 Uses of the Term Qualia.txt,,,,1.0,2.0,,1.0,,9.0,10.0,,,,,,7.0,,,,,,3.0,,,1.0,2.0,,,,,,1.0,,,,,,,,,,,,,,,,,,,,1.0,,,
Representational Theories of Consciousness_3 Arguments in Favor of the Representational Theory of Sensory Qualities.txt,,,,1.0,12.0,,,,4.0,27.0,2.0,,,,,11.0,,,,,,3.0,1.0,,3.0,3.0,,,,,,11.0,,,,,,,,3.0,,2.0,,,,,,,,,,1.0,,,
Herbert Feigl_5 Writings on Value Judgment Humanism and Religion.txt,,,,1.0,,,,,,,,,,,,2.0,,,,,,,4.0,,,,3.0,1.0,,,,,,2.0,,,,,,,,,,,,,,,5.0,10.0,,,3.0,,
Singular Propositions_62 Temporal Problems for Singular Propositions Qualitative Change.txt,,,,1.0,,,,,,,28.0,,,,,,,,4.0,19.0,1.0,7.0,1.0,,,,,,,5.0,,,,,,,12.0,,,,,,,,,,,,,,,,,,
Eliminative Materialism_1 A Brief History.txt,,,,4.0,23.0,,,,,1.0,1.0,2.0,,,,,,,,,,1.0,,,,3.0,,,,,,,1.0,,,1.0,,,,,,6.0,,,,,,,,,,,,,
Embodied Cognition_1 Embodied vs Traditional Cognitive Science.txt,,,,19.0,1.0,,1.0,,,,,,,,,,,,,,,,,,,2.0,,,,,,,,,,,,,,,,1.0,,,,,,,,,,,,1.0,16.0
Propositional Attitude Reports_1 Freges Puzzle.txt,,,,5.0,,,,,,,,,,,,,,,2.0,1.0,8.0,,,,,1.0,,1.0,,3.0,1.0,,,,,,,,,,,,,,,,3.0,,,,2.0,,,,
Moral Cognitivism vs  Non Cognitivism_5 Can The CognitivistNoncognitivist Distinction Be Sustained.txt,,,,4.0,,,,,,,,,1.0,,,,,2.0,1.0,,13.0,,,,1.0,3.0,18.0,,,14.0,,2.0,,,,,,4.0,,,1.0,,,,,,,,,,,,,,
Moral Psychology  Empirical Approaches_6 Moral Disagreement.txt,,,,7.0,,1.0,,,,,,,,,,,,1.0,,,,1.0,,,,2.0,60.0,,2.0,,,,,,,,,,,,,,,,,,,,,2.0,,,,,
Cognitive Science_5 Philosophical Relevance.txt,,,,15.0,4.0,,,1.0,,,2.0,,,,,,,1.0,,,,,,,2.0,5.0,1.0,,,,,3.0,,,,,,,4.0,,,1.0,1.0,,,,,,2.0,1.0,,11.0,,,
Ernst Mach_3 Psychology and the Life Sciences.txt,,,,1.0,,,,,,5.0,,,,,1.0,1.0,,,,,,,,,,,,,,,,,1.0,,,,,,,11.0,,6.0,,,,,,,,,,,,,
Wittgensteins Aesthetics_1 The Critique of Traditional Aesthetics.txt,,,,1.0,,1.0,,,,1.0,,2.0,2.0,,,,,12.0,,,,,,,,,,8.0,,,1.0,,10.0,,,1.0,,1.0,,,,,,,,,,,1.0,,1.0,,,,
Qualia_9 Relational Theories of Qualia.txt,,,,1.0,1.0,,,1.0,13.0,9.0,6.0,,,,,12.0,1.0,,,,,5.0,,,,,,,,,,1.0,,,,,,,,2.0,,,,,,,,,,,,,,,
The Language of Thought Hypothesis_8 Individuation of Mentalese Expressions.txt,,,,3.0,21.0,,,,,,,3.0,,1.0,,,,7.0,,,,,1.0,,,1.0,,6.0,,,1.0,,9.0,,,,,,2.0,,,1.0,,,,,,,,,,7.0,,,
Mental Representation_6 Content Determination.txt,,,,1.0,17.0,,,,3.0,,,1.0,,3.0,,,1.0,,,,,3.0,,1.0,6.0,,,,,,,5.0,,,,,1.0,,8.0,,,,,,,,,,,,,,,,
Embodied Cognition_3 What Embodied Cognition Is.txt,,,,15.0,1.0,,,,,,,,,,,,,,,,,,,,2.0,2.0,,,,,,,,,,,,,,1.0,,1.0,,,,,,,,,,,,,18.0
Consciousness_10 Conclusion.txt,,,,1.0,,,,3.0,,,,,,,,,,,,,,,,,,,,,,,,1.0,,,,,,,,,,,,,,,,,,,,1.0,,,
Propositions_9 Propositions Facts and States of Affairs.txt,,,,2.0,,,,,,,,,3.0,4.0,,,,,1.0,17.0,,,,6.0,,,,1.0,,,,,1.0,,,,24.0,,,,,,,,,,,,,,,,,,
Model Theory_5 Models and modelling.txt,,,,3.0,3.0,,,,,,2.0,,,3.0,1.0,,,5.0,,,,3.0,,,1.0,,,1.0,,,,,3.0,,,15.0,1.0,,2.0,,,,2.0,,,1.0,,,,,,,,,
The Computational Theory of Mind_1 Turing machines.txt,,,,1.0,1.0,1.0,,,,,,,,1.0,2.0,,,,,,,,,,,,,,,,,,,,,5.0,,,,,,,2.0,,,,,,,,,,,,
Propositions_6 The Metaphysics 101 Argument  Deep or Shallow.txt,,,,1.0,1.0,,,,,,3.0,1.0,,,,,,,,11.0,2.0,1.0,,,,,,,,1.0,6.0,,,,,,21.0,,,,,,,,,,7.0,,,,15.0,,,,
Behaviorism_4 Popularity of Behaviorism.txt,,,,2.0,9.0,,,,,,,,,,,,,1.0,,,1.0,,,,,,,,,,,,,,,,,2.0,,,,,,,,,,,,,,,,,
Logical Constants_2 Grammatical criteria.txt,,,,1.0,,,,,,,,,,,,,,5.0,2.0,,6.0,,14.0,,2.0,1.0,,2.0,,4.0,1.0,,,2.0,,,,,,,,,,,,,,,,,1.0,,,,
Moral Cognitivism vs  Non Cognitivism_1 A More Detailed General Description.txt,,,,2.0,1.0,,,,,,,,,,,,,1.0,2.0,,13.0,2.0,,,,5.0,23.0,,,9.0,,,,,,,2.0,,,,,,,,,,,,,,,,,,
Behaviorism_8 Conclusion.txt,,,,3.0,,,,,,,,,,,,,,1.0,1.0,,,,,,1.0,1.0,,,,,1.0,1.0,,,,,,,,,1.0,,,,,,,,,,,,,,1.0
Folk Psychology as Mental Simulation_3 Two Types of Simulation Processes.txt,,,,25.0,20.0,3.0,,,,4.0,1.0,,,,,5.0,1.0,4.0,,,,1.0,,,,1.0,,2.0,,,,,,,,,,,1.0,5.0,,7.0,,,,,,,,,,3.0,,,
Eliminative Materialism_5 Concluding Comments.txt,,,,,4.0,,,1.0,,,,,,,,,,,,,,,,,,7.0,,,1.0,,,,,,,,,,,,,,,,,,,,,,,,,,
The Correspondence Theory of Truth_8 The Correspondence Theory and Its Competitors.txt,,,,,1.0,,,,,,,,1.0,,,,,,1.0,9.0,,3.0,3.0,,,1.0,,,,44.0,,,,,,,17.0,12.0,,,,,,,,,,,,3.0,,,,,
Abstract Objects_6 The Way of Abstraction.txt,,,,,1.0,2.0,,,,,10.0,11.0,7.0,21.0,1.0,,,1.0,,,,15.0,,1.0,,1.0,,,,,1.0,,2.0,,,,,,,,,,1.0,,,,,,,,,,,30.0,
Behaviorism_2 Three Types of Behaviorism.txt,,,,,5.0,,,1.0,,,,,,,,,,,,,,1.0,2.0,,,1.0,,,,,,1.0,,,,,,,,,,,,,,,,,,,,,,,
Abstract Objects_2 Historical Remarks.txt,,,,,2.0,,,1.0,,,3.0,2.0,,11.0,1.0,,,,,,,6.0,,,,5.0,,4.0,,,1.0,,,,,,,,,,,,2.0,,,,,,,,,,,,
The Contents of Perception_8 Theories of Intentionality for Experience.txt,,,,,9.0,,,,8.0,25.0,,,,,,8.0,18.0,,,,,1.0,,,1.0,,,,,,,2.0,,,,,,,2.0,,,,,,,,,,,,,,,,
Physicalism_5 Supervenience Physicalism as Minimal Physicalism.txt,,,,,5.0,,,1.0,,,,1.0,,,,,,,,,,,,,,8.0,,,,,,,,,,,,,,,,,,,,,,,,,,,,,
Quantifiers and Quantification_1 Classical Quantificational Logic.txt,,,,,1.0,,,,,,3.0,1.0,17.0,,1.0,,,18.0,2.0,,,7.0,,3.0,,,,,,6.0,,,,33.0,,31.0,,2.0,,,,,,1.0,,,,,,,,,,,
The Language of Thought Hypothesis_7 Naturalizing the Mind.txt,,,,,10.0,,,,,,1.0,,,,,,,,,,,,,,1.0,2.0,,3.0,,,,,,,,,,,,,,,,,,,,,,,,1.0,,,
Classical Logic_1 Introduction.txt,,,,,1.0,,,,,,,,,,8.0,,,22.0,1.0,,3.0,2.0,5.0,,,,,2.0,,2.0,,,,7.0,,6.0,2.0,,,,,,2.0,,,,,,,,,,,,
Externalism About Mental Content_5 Externalism and MindBody Theories.txt,,,,,13.0,,,,,,,1.0,,,,,,,,,,1.0,,,,1.0,,,,,,,,,,,,,,,,4.0,,,,,,,,,,,,,
Intentionality_1 Why is intentionality socalled.txt,,,,,14.0,,,,,,,,,,,,,,,,1.0,1.0,1.0,,,5.0,,2.0,,,,,7.0,1.0,,,,,,,,1.0,,,,,,,,,,,,,
Externalism About Mental Content_7 Externalism and Mental Causation.txt,,,,,7.0,,,,,,1.0,,,,,,,,,,,,,,,,,,,,,,,,,,,,,,,1.0,,,,,,,,,,,,,
The Problem of Perception_2 The Problem of Perception.txt,,,,,1.0,1.0,,,1.0,19.0,20.0,,1.0,,,13.0,,,,,,14.0,,,1.0,1.0,,,,,,,,,,,,,,8.0,,,,,,,,,,,,,,,
Alfred Jules Ayer_3 Perception.txt,,,,,1.0,,,,,10.0,4.0,,1.0,,,,,1.0,1.0,,3.0,12.0,,,,,,,,,,,,,,,,,,10.0,,,,,,,,,,,,,,,
A Priori Justification and Knowledge_1 Examples that illustrate the difference between a priori and a posteriori empirical justification.txt,,,,,1.0,,,,,,,,,,,,,,,5.0,,,,,,,,,,,,,,,,,3.0,,,,,,,,,,,,,,,,,,
Luitzen Egbertus Jan Brouwer_3 Brief Characterisation of Brouwers Intuitionism.txt,,,,,2.0,,,,,,,,,,1.0,,,1.0,,2.0,,1.0,,,,2.0,,,,2.0,,,,,,,,,,,,,4.0,,,,,,,,,,,,
Immanuel Kant_6 The highest good and practical postulates.txt,,,,,,2.0,,1.0,,,,1.0,,,,,,1.0,,,,,,,,1.0,27.0,2.0,4.0,,,,,,,,2.0,,,,,,,,,,,,,,,,,,
Bertrand Russell_4 Russells Theory of Definite Descriptions.txt,,,,,,2.0,,,,,,2.0,,1.0,1.0,,,1.0,9.0,,2.0,,10.0,,,,,2.0,,3.0,,,1.0,4.0,,,1.0,,,,,,2.0,,,,,,,,,,,,
Second order and Higher order Logic_16 Finite Model Theory.txt,,,,,,1.0,,,,,,,,,1.0,,,1.0,,,,,,,,,,,,,,,,8.0,,2.0,,,,,,,,,,,,,,,,,,,
A Priori Justification and Knowledge_2 What sorts of propositions can be a priori justified and known all and only modal propositions.txt,,,,,,9.0,,,,2.0,,,,,,1.0,,,2.0,9.0,,,3.0,,,,,,,4.0,,,,,,,9.0,,,,,,,,,,,,,,,,,,
Moral Non Naturalism_2 The Open Question Argument.txt,,,,,,8.0,,,,,,,1.0,,,,,,1.0,,,,,,,,21.0,,,,,,1.0,,,,,2.0,,,,,,,,,,,,,,,,,
Second order and Higher order Logic_5 The Infamous Power of SecondOrder Logic.txt,,,,,,1.0,,,,,,1.0,21.0,,1.0,,,1.0,11.0,,2.0,,,8.0,,,,1.0,,6.0,,,,36.0,,9.0,,,,,,,1.0,,,,,,,,,,,,
Medieval Theories of the Syllogism_9 Later Medieval Developments of the Theory.txt,,,,,,1.0,,,,,,,,,,,,,,,,,,,,,,,,,,,,7.0,,,,,,,,,,,1.0,,,,,,,,,,
Second order and Higher order Logic_15 SecondOrder Set Theory.txt,,,,,,1.0,,,,,,,8.0,,,,,,,,,,,,,,,,,,,,,5.0,,,,,,,,,,,,,,,,,,,,,
Freges Theorem and Foundations for Arithmetic_3 Freges Analysis of Cardinal Numbers.txt,,,,,,2.0,,,,,4.0,25.0,,,,,,,,,,10.0,2.0,,,,,2.0,,,,,,1.0,,,,,,,,,,6.0,,,,,,,,,,,
Consequentialism_7 Arguments for Consequentialism.txt,,,,,,1.0,,,,,,,1.0,1.0,,,,1.0,,,,,,,,,11.0,,2.0,,,,,,,,,,,,,,,,1.0,,,,,,,,,,
Medieval Theories of the Syllogism_5 The Early Commentators on the Prior Analytics.txt,,,,,,1.0,,,,,,1.0,,1.0,,,,,14.0,1.0,11.0,,,,,1.0,,1.0,,,,,,3.0,,,,,,,,,,,3.0,3.0,,,,,,,,,
Logical Truth_2 The Mathematical Characterization of Logical Truth.txt,,,,,,1.0,,,,,3.0,6.0,16.0,,9.0,,,23.0,11.0,,3.0,,94.0,1.0,,1.0,,,,55.0,,,,7.0,,3.0,,,,,,,8.0,2.0,,,,,,,,,,,
Freges Theorem and Foundations for Arithmetic_4 Freges Analysis of Predecessor Ancestrals and the Natural Numbers.txt,,,,,,1.0,,,,,2.0,15.0,,,1.0,,,2.0,,2.0,,3.0,,,,,,2.0,,,,,1.0,2.0,,,,,,,,,,6.0,,,,,,,,,,,
Ontological Commitment_4 Ontological Commitment in Ordinary Language.txt,,,,,,3.0,,,,,1.0,1.0,,3.0,,,,48.0,18.0,,8.0,8.0,1.0,,,,,,,9.0,,1.0,,4.0,,,2.0,11.0,,,,,,,,,,,,,,,,,
Consequentialism_5 Consequences of What Rights Relativity and Rules.txt,,,,,,1.0,,,,,1.0,,,1.0,,,,,,,,,,,,,20.0,,,,,,,,,,,,,,1.0,,,,,,,,,,,,,,
Bernard Bolzano_5 Ethics.txt,,,,,,1.0,,,,,,,,,,,,,,6.0,5.0,,1.0,,,,14.0,2.0,,5.0,1.0,,,4.0,,,2.0,,,,,,,,,,,,9.0,4.0,,,1.0,,
Consequentialism_2 What is Consequentialism.txt,,,,,,1.0,,,,,,1.0,1.0,,,,,,,,,,,,,,11.0,,,,,,,,,,,,,,,,,,,,,,,,,,,,
Qualia_6 Qualia and Introspection.txt,,,,,,1.0,,,,12.0,,1.0,,,,8.0,,,,,,,,,,,,,,,,,,,,,,,,,,,,,,,,,,,,,,,
Religious Language_5 Reference and Logic.txt,,,,,,3.0,,,,,1.0,1.0,,,,,,6.0,,,1.0,,,,,,,,,,,,,3.0,,,,2.0,,,,,,,,,,,,,,,1.0,,
Quantifiers and Quantification_2 Departures from Classical Quantificational Logic.txt,,,,,,1.0,,,,,3.0,1.0,3.0,,,,,19.0,15.0,,4.0,2.0,,,,1.0,,,,11.0,5.0,,,41.0,2.0,21.0,,1.0,,,,,1.0,,,,,,,,,,,,
Classical Logic_5 Metatheory.txt,,,,,,1.0,,,,,,7.0,34.0,,1.0,,,19.0,14.0,,19.0,1.0,2.0,6.0,,1.0,,2.0,,1.0,,,,2.0,,5.0,,1.0,,,,,,13.0,,,,,,,,,,,
Freges Theorem and Foundations for Arithmetic_5 Freges Theorem.txt,,,,,,4.0,,,,,5.0,31.0,,,9.0,,,1.0,,,,2.0,,,,,,2.0,,,,,,4.0,,,,,,,,,,23.0,,,,,,,,,,,
Logicism and Neologicism_4 Constructive Logicism.txt,,,,,,1.0,,,,,,9.0,2.0,,5.0,,,2.0,3.0,,1.0,1.0,9.0,,,1.0,,,,2.0,,,,11.0,,,,,,,,,3.0,4.0,,,,,,,,,,,
Logical Empiricism_5 Impact.txt,,,,,,1.0,,,,,,,,,,,,,,,,,10.0,,,,,,,,,,,2.0,,1.0,,,,,2.0,,1.0,,,,,,,,,,,,
Modal Logic_7 Modal Axioms and Conditions on Frames.txt,,,,,,1.0,,,,,,,3.0,,,,,,,,,,1.0,,,1.0,,,,4.0,,,,10.0,3.0,2.0,,,,,,,,,,,,,,,,,,,
Vagueness_5 Supervaluationism.txt,,,,,,1.0,,,,,,,,,,,,,1.0,,4.0,,2.0,,,,,1.0,,1.0,,,1.0,8.0,,,1.0,1.0,,,,,,1.0,,,,,,,,,,,
Plato_10 Does Plato change his mind about politics.txt,,,,,,,1.0,,,,,1.0,,1.0,,,,,,,,,,,,5.0,,1.0,,,,,,,,,,,,,,,,,,,,,,,,,,,
Wittgensteins Philosophy of Mathematics_4 The Impact of Philosophy of Mathematics on Mathematics.txt,,,,,,,1.0,,,,,,,,5.0,,,,,,,,,,,,,,,,,,,,,,2.0,,,,,,8.0,,,,,,,,,,,,
States of Affairs_6 Conclusion.txt,,,,,,,2.0,,,,1.0,,,,,,,,,,,3.0,,,,,,,,,,,,,,,,,,,,,,,,,,,,,,,,,
Intentionality_7 Are there intentional objects.txt,,,,,,,3.0,,,,4.0,,1.0,7.0,,,,,2.0,,1.0,33.0,2.0,,,,,1.0,,,,,,1.0,,,1.0,,,,,,,,,,1.0,,,,,,,,
The Correspondence Theory of Truth_2 Truthbearers Truthmakers Truth.txt,,,,,,,1.0,,,,,,1.0,1.0,,,,,,,1.0,,,,,2.0,,,,4.0,,,,,,,1.0,,,,,,,,,,,,,,,,,,
Qualia_10 Which Creatures Undergo States with Qualia.txt,,,,,,,,1.0,4.0,2.0,,,,,,1.0,,,,,,,,,,,,,,,,1.0,,,,,,,,,,,,,,,,,,,,,,,
Consciousness_7 Theories of consciousness.txt,,,,,,,,4.0,,,1.0,,,,,,,,,,,,,,,1.0,,,,,,,,,,,,,,,,,,,,,,,,,,,,,
Consciousness_3 Problems of Consciousness.txt,,,,,,,,6.0,,,,,,,,,,,,,,,,,,1.0,,,,,,,,,,,,,,,,,,,,,,,,,,,,,
The Contents of Perception_1 What are Perceptual Experiences.txt,,,,,,,,,1.0,12.0,,,,,,4.0,5.0,,,,,,,,,,,,,,,,,,,,,,,2.0,,,,,,,,,,,,,,,
Qualia_8 Qualia as Intrinsic Nonrepresentational Properties of Experiences.txt,,,,,,,,,6.0,7.0,,,,,,13.0,,1.0,,,,,,,,,,,,,,7.0,,,,,,,,,,,,,,,,,,,,,,,
William of Ockham_7 Ethics.txt,,,,,,,,,,1.0,,1.0,,,,,,,,,,,,,,,8.0,,1.0,,,,,,,,,,,,,,,,,,,,7.0,,,,,,
The Contents of Perception_9 Directions for Future Research.txt,,,,,,,,,,3.0,,,,,,2.0,,,,,,,,,,,,,,,,,,,,,,,,1.0,,,,,,,,,,,,,,,
Herbert Feigl_2 Feigl and the Vienna Circle.txt,,,,,,,,,,1.0,,1.0,,,,,,1.0,,,,,,,,,,,,,,,,,,,,,,,5.0,,2.0,,,,,,,,,,,,
Logical Constructions_1 Honest Toil.txt,,,,,,,,,,1.0,,1.0,2.0,,2.0,,,,1.0,,,5.0,18.0,,,,,,,,,,,2.0,,,4.0,,,,,,,,,,,,,,,,,,
The Problem of Perception_4 Conclusion.txt,,,,,,,,,,1.0,,,,,,1.0,,,,,,2.0,,,,,,,,,,,,,,,,,1.0,3.0,,,,,,,,,,,,,,,
Logical Form_7 Notation and Restricted Quantification.txt,,,,,,,,,,,1.0,3.0,1.0,,,,,1.0,6.0,3.0,,,9.0,,,,,2.0,,2.0,,,,2.0,,,1.0,,1.0,,,,,,,,3.0,,,,2.0,,,,
Model Theory_1 Basic notions of model theory.txt,,,,,,,,,,,1.0,1.0,1.0,,2.0,,,1.0,8.0,,2.0,2.0,,,,,,1.0,,6.0,,,,,1.0,13.0,,,,,,,1.0,,,,,,,,,,,,
Second order and Higher order Logic_10 Categoricity.txt,,,,,,,,,,,1.0,2.0,2.0,,2.0,,,3.0,9.0,,8.0,,2.0,,,,,1.0,,1.0,,,,6.0,,6.0,,,,,,,,2.0,,,,,,,,,,,
Vagueness_4 Manyvalued Logic.txt,,,,,,,,,,,1.0,1.0,,,,,,,,,,,,,,,,1.0,,8.0,,,,11.0,,2.0,,,,,2.0,,,,,,,,,,,,,,
Formalism in the Philosophy of Mathematics_5 Nominalist Formalism.txt,,,,,,,,,,,1.0,1.0,,1.0,2.0,,,,2.0,,3.0,4.0,,1.0,,,,,,2.0,,,,,,,,,,,,,3.0,3.0,,,,,,,,,,,
Propositional Function_5 The Emergence of Propositional Functions.txt,,,,,,,,,,,1.0,,,,,,,,,6.0,1.0,,,,,,,1.0,,,,,,,,,8.0,,,,,,1.0,,,,,,,,,,,1.0,
Russells Paradox_3 Early Responses to the Paradox.txt,,,,,,,,,,,2.0,1.0,11.0,,2.0,,,1.0,,2.0,2.0,5.0,,3.0,,,,1.0,,,,,,5.0,,,5.0,,,,,,6.0,1.0,1.0,,,,,,,,,1.0,
Constructive Mathematics_2 The Constructive Interpretation of Logic.txt,,,,,,,,,,,1.0,4.0,3.0,,1.0,,,,,,,,,,,,,,,,,,,1.0,,1.0,1.0,,,,,,4.0,10.0,,,,,,,,,,,
Principia Mathematica_5 Volume II.txt,,,,,,,,,,,1.0,19.0,24.0,,3.0,,,,,3.0,2.0,,1.0,4.0,,2.0,,,,1.0,,,,5.0,,,,,,,,,3.0,3.0,,,,,,,,,,,
Set Theory_5 Set theory as the foundation of mathematics.txt,,,,,,,,,,,4.0,2.0,19.0,,11.0,,,3.0,3.0,,,,,2.0,,,,,,,,,,2.0,,8.0,1.0,,,,,,7.0,2.0,,,,,,,,,,,
Logical Constructions_8 Propositions and Propositional Functions.txt,,,,,,,,,,,1.0,3.0,,,1.0,,,1.0,,7.0,4.0,5.0,2.0,,,2.0,,,,,1.0,,,5.0,,,20.0,,,,,,,,,,,,,,,,,,
Wittgensteins Logical Atomism_3 Metaphysical Atomism.txt,,,,,,,,,,,2.0,,,,,,,1.0,17.0,16.0,1.0,9.0,1.0,,,,,2.0,,6.0,,,1.0,1.0,,,4.0,,,,,,,,,,,,,,,,,,
Principia Mathematica_1 Overview.txt,,,,,,,,,,,2.0,7.0,18.0,,3.0,,,,,,,4.0,5.0,16.0,,,,,,1.0,,,,9.0,,,1.0,,,,,,8.0,1.0,,,,,,,,,,,
Type Theory_2 Simple Type Theory and the lambdaCalculus.txt,,,,,,,,,,,2.0,,2.0,,1.0,,,,,4.0,,8.0,,,1.0,,,,,,,,,3.0,,,5.0,,,,,,1.0,,,,,,,,,,,,
Logicism and Neologicism_5 Modal NeoLogicism.txt,,,,,,,,,,,6.0,2.0,,4.0,,,,,,,,1.0,1.0,,,,,,,,,,,3.0,,,,,,,,,,,,,,,,,,,,,
Logical Constants_8 Problem or pseudoproblem.txt,,,,,,,,,,,1.0,2.0,2.0,,1.0,,,2.0,,,,,33.0,,,,,,,4.0,,,,12.0,,,,,,,,,1.0,2.0,,,,,,,,,,,
The Notation in Principia Mathematica_10 Prolegomena to Cardinal Arithmetic.txt,,,,,,,,,,,1.0,2.0,9.0,,4.0,,,,,,,4.0,1.0,4.0,,,,,,,,,,3.0,,,,,,,,,2.0,,,,,,,,,,,,
Modal Logic_15 Quantifiers in Modal Logic.txt,,,,,,,,,,,2.0,2.0,1.0,4.0,,,,10.0,3.0,,1.0,12.0,,,,,,,,,,,,24.0,2.0,1.0,,,,,,,,1.0,,,,,,,,,,,
Alfred Tarski_5 Further reading.txt,,,,,,,,,,,,1.0,,,1.0,,,,,,,,8.0,,,,,,,8.0,,,,2.0,,1.0,,,,,,,,,,,,,,,,,,,
Luitzen Egbertus Jan Brouwer_1 The Person.txt,,,,,,,,,,,,1.0,,,1.0,,,1.0,,,,,1.0,,,,1.0,,,,,,,1.0,,,,,,,,,6.0,,,,,,,,,,,,
Ancient Logic_3 The early Peripatetics Theophrastus and Eudemus.txt,,,,,,,,,,,,3.0,,,,,,,,,6.0,,2.0,,,,,,,,,,,2.0,,,,,,,,,,,5.0,16.0,,,,,,,,,
Set Theory_6 The set theory of the continuum.txt,,,,,,,,,,,,1.0,37.0,,1.0,,,1.0,,,,,,40.0,,,,,,,,,,,,1.0,,,,,,,1.0,1.0,,,,,,,,,,,
Formalism in the Philosophy of Mathematics_1 Introduction.txt,,,,,,,,,,,,1.0,,,1.0,,,3.0,,,2.0,,,,,,,,,,,,,,,,1.0,,,,,,4.0,3.0,,,,,,,,,,,
Bernard Bolzano_11 Philosophy of Mathematics.txt,,,,,,,,,,,,1.0,3.0,,4.0,,,,,7.0,,,,3.0,,,,,,,,,,1.0,,,11.0,,,,,,2.0,3.0,,,,,,,,,,,
Propositional Function_1 PreHistory.txt,,,,,,,,,,,,2.0,3.0,,,,,1.0,3.0,,1.0,1.0,,,,,,,,1.0,,,,7.0,,,,,,,,,,,,,,,,,,,,,
Set Theory_8 Forcing.txt,,,,,,,,,,,,2.0,8.0,,3.0,,,1.0,1.0,,,1.0,,2.0,,,,,,,,,,1.0,,14.0,,,,,,,,2.0,,,,,,,,,,,
Kurt Gdel_1 Biographical Sketch.txt,,,,,,,,,,,,3.0,1.0,,2.0,,,,,,,,1.0,,,1.0,,1.0,,,,,,4.0,,,,,,,,,8.0,1.0,,,,,,,,,1.0,,
Second order and Higher order Logic_8 Decidability Results.txt,,,,,,,,,,,,1.0,6.0,,1.0,,,,7.0,,1.0,,,1.0,,,,1.0,,1.0,,,,8.0,,,,,,,,,,1.0,,,,,,,,,,,
Singular Propositions_6 Temporal Problems for Singular Propositions.txt,,,,,,,,,,,,1.0,2.0,2.0,,,,,,5.0,,3.0,,,,,,,,,,,,,,,6.0,,,,,,,,,,,,,,,,,,
Logical Empiricism_1 Mapping the Movement.txt,,,,,,,,,,,,1.0,,,,,,,,,,,21.0,,,,,,,,,,,,,,,,,,,,,,,,,,,,,,,,
Medieval Theories of the Syllogism_8 John Buridan.txt,,,,,,,,,,,,2.0,,,,,,,2.0,,14.0,,2.0,,,,,,,,,1.0,,8.0,,1.0,,,,,,,,1.0,9.0,12.0,,,,,,,,,
Second order and Higher order Logic_2 The Syntax of SecondOrder Logic.txt,,,,,,,,,,,,3.0,1.0,,,,,,1.0,,,,,,,,,,,,,,,9.0,,,,,,,,,,,,,,,,,,,,,
Propositional Function_2 The Logic of Relatives.txt,,,,,,,,,,,,1.0,,,,,,,,,,2.0,,,,,,,,,,,,5.0,,,,,,,,,,,,,,,,,,,,,
Logical Constructions_4 Definite Descriptions.txt,,,,,,,,,,,,2.0,,,1.0,,,,1.0,,3.0,2.0,9.0,,,2.0,,,,1.0,4.0,,,2.0,,2.0,1.0,,,,,,,1.0,,,,,,,,,,,
The Notation in Principia Mathematica_3 The Use of Dots for Punctuation.txt,,,,,,,,,,,,12.0,,,,,,,,2.0,1.0,,1.0,,,,,,,,,,,2.0,,,2.0,,,,,,,,,,,,,,,,,,
Set Theory_11 Forcing axioms.txt,,,,,,,,,,,,1.0,9.0,,,,,,,,,,,8.0,,,,1.0,,,,,,,,,,,,,,,1.0,1.0,,,,,,,,,,,
Virtue Ethics_4 Future Directions.txt,,,,,,,,,,,,2.0,1.0,,,,,,,,,,,,,,2.0,,,,,,,,,,,,,,,,,,,,,,16.0,,,,,,
Model Theory_3 Modeltheoretic consequence.txt,,,,,,,,,,,,2.0,2.0,,,,,4.0,1.0,1.0,2.0,,6.0,,,,,,,2.0,,,,8.0,2.0,3.0,2.0,,,,,,,2.0,,,,,,,,,,,
Second order and Higher order Logic_6 NonAbsoluteness of Truth in SecondOrder Logic.txt,,,,,,,,,,,,1.0,13.0,,,,,1.0,11.0,,1.0,,,4.0,,,,1.0,,4.0,,,,14.0,,14.0,1.0,,,,,,1.0,,,,,,,,,,,,
Logical Constructions_3 Natural Numbers.txt,,,,,,,,,,,,5.0,,,1.0,,,,,,,,10.0,1.0,,1.0,,,,,,,,4.0,,1.0,2.0,,,,,,3.0,1.0,,,,,,,,,,,
Medieval Theories of the Syllogism_6 Richard of Campsall.txt,,,,,,,,,,,,1.0,,,,,,,6.0,2.0,17.0,,,,,,,1.0,,,,,,4.0,,,,,,,,,,,1.0,3.0,,,,,,,,,
Logical Constructions_7 Mathematical Functions.txt,,,,,,,,,,,,2.0,,,8.0,,,,,,1.0,,2.0,,,,,,,,,,,2.0,,,,,,,,,,,,,,,,,,,,,
Epistemological Problems of Perception_4 Conclusion.txt,,,,,,,,,,,,1.0,,,,,,,,,,,,,,,,,,,,,,,,,,,,4.0,,,,,,,,,,,,,,,
Luitzen Egbertus Jan Brouwer_2 Chronology.txt,,,,,,,,,,,,1.0,5.0,,6.0,,,4.0,,,,,1.0,,,,,,,,,,,,,,,,,,,,11.0,,,,,,,,,,,,
Constructive Mathematics_8 Concluding Remarks.txt,,,,,,,,,,,,1.0,1.0,1.0,,,,,,,,,,,,,,,,,,,,5.0,,,,,,,,,6.0,,,,,,,,,,,,
Set Theory_3 The theory of transfinite ordinals and cardinals.txt,,,,,,,,,,,,1.0,17.0,,,,,,,,,,,1.0,,,,,,,,,,,,,,,,,,,1.0,,,,,,,,,,,,
Logical Consequence_5 One or Many.txt,,,,,,,,,,,,1.0,,,,,,,,,,,9.0,,,,,,,2.0,,,,,,,,,,,,,2.0,,,,,,,,,,,,
Interpretations of Probability_1 Kolmogorovs Probability Calculus.txt,,,,,,,,,,,,2.0,6.0,,1.0,,,1.0,,,1.0,,,1.0,,,,,,,,,,,,,,,,,16.0,,,,,,,10.0,,,,,,,
Singular Propositions_5 Modal Problems for Singular Propositions.txt,,,,,,,,,,,,2.0,1.0,,,,,,1.0,22.0,,2.0,1.0,1.0,,,,,,10.0,1.0,,,6.0,,,15.0,,,,,,,,,,,,,,,,,,
Second order and Higher order Logic_4 Properties of SecondOrder Formulas.txt,,,,,,,,,,,,2.0,8.0,,,,,,2.0,,,,1.0,,,,,,,2.0,,,,10.0,,4.0,,,,,,,,1.0,,,,,,,,,,,
Second order and Higher order Logic_11 Logics Between First and Second Order.txt,,,,,,,,,,,,1.0,,,,,,,,,,,,,,,,,,,,,,14.0,2.0,1.0,,,,,,,,,,,,,,,,,,,
Necessary and Sufficient Conditions_2 The Standard Theory Truthfunctions and Reciprocity.txt,,,,,,,,,,,,1.0,,,,,,,2.0,,,,1.0,,,,,,,8.0,,,1.0,2.0,,,,,,,,,,,,,,,,,,,,,
The Frege Hilbert Controversy_1 Introduction.txt,,,,,,,,,,,,,1.0,,5.0,,,,,,,,,,,,,,,,,,,2.0,,2.0,,,,,,,1.0,,,,,,,,,,,,
Set Theory_1 The origins.txt,,,,,,,,,,,,,23.0,,2.0,,,,,,,1.0,,10.0,,,,1.0,,,,,,,,,,,,,,,,1.0,,,,,,,,,,,
Type Theory_4 Type TheorySet Theory.txt,,,,,,,,,,,,,11.0,,,,,,,,,,,3.0,,,,,,,,,,,,1.0,,,,,,,2.0,,,,,,,,,,,,
Alfred Tarski_1 Biographical sketch.txt,,,,,,,,,,,,,1.0,,,,,,,,,,,,,,,,,,,,,3.0,,,,,,,,,4.0,,,,,,,,,,,,
Set Theory_4 The universe V of all sets.txt,,,,,,,,,,,,,9.0,,,,,,2.0,,,,,1.0,,,,,,,,,,,,3.0,,,,,,,,,,,,,,,,,,,
Tarskis Truth Definitions_3 The 1956 definition and its offspring.txt,,,,,,,,,,,,,3.0,3.0,1.0,,,8.0,6.0,,4.0,,2.0,1.0,,,,,,9.0,,,,6.0,1.0,4.0,,,,,,,,,,,,,,,,,,,
Second order and Higher order Logic_3 The Semantics of SecondOrder Logic.txt,,,,,,,,,,,,,14.0,,,,,,2.0,1.0,3.0,,,4.0,,,,,,6.0,,,,23.0,,4.0,,,,,,,,,,,,,,,,,,,
Propositional Function_6 Propositional Functions in  Simple Type Theory.txt,,,,,,,,,,,,,9.0,,,,,3.0,,1.0,,,1.0,,,,,,,,,,,4.0,,4.0,1.0,,,,,,1.0,1.0,,,,,,,,,,,
Russells Paradox_1 The Paradox.txt,,,,,,,,,,,,,16.0,,,,,,,,,2.0,,5.0,,,,,,,,,,2.0,,,,,,,,,1.0,,,,,,,,,,,,
Set Theory_7 Gdels constructible universe.txt,,,,,,,,,,,,,6.0,,1.0,,,1.0,,,,1.0,,1.0,,,,,,,,,,,,8.0,,,,,,,,,,,,,,,,,,,
Intuitionism in the Philosophy of Mathematics_4 Constructivism.txt,,,,,,,,,,,,,1.0,,1.0,,,,,,,1.0,,,,,,,,,,,,2.0,,,,,,,,,4.0,1.0,,,,,,,,,,,
Formalism in the Philosophy of Mathematics_6 Term Formalism Curry.txt,,,,,,,,,,,,,1.0,3.0,2.0,,,1.0,,1.0,1.0,2.0,1.0,2.0,,,,1.0,,3.0,1.0,,,,,,4.0,,,,,,6.0,1.0,,,,,,,,,,,
Propositions_3 Roles for Propositions Semantics.txt,,,,,,,,,,,,,2.0,,,,,,,1.0,,,,2.0,,,,,,1.0,,,,,,,4.0,,,,,,,,,,,,,,,,,,
Set Theory_2 The axioms of set theory.txt,,,,,,,,,,,,,35.0,,,,,1.0,,,,,,7.0,,,,,,,,,,1.0,,,,,,,,,1.0,1.0,,,,,,,,,,,
Modal Logic_6 Possible Worlds Semantics.txt,,,,,,,,,,,,,6.0,,,,,2.0,3.0,,6.0,,2.0,,,,,,,21.0,,,,16.0,4.0,3.0,,,,,,,,1.0,,,,,,,,,,,
Logical Pluralism_3 Further kinds of Logical Pluralism.txt,,,,,,,,,,,,,3.0,,3.0,,,11.0,5.0,5.0,2.0,,35.0,4.0,,,,1.0,,1.0,1.0,,,20.0,10.0,3.0,2.0,,,,,,4.0,,,,,,,,,,,,
Modal Logic_13 Bisimulation.txt,,,,,,,,,,,,,2.0,,,,,4.0,1.0,,2.0,,,,,,,,,1.0,,,,6.0,2.0,2.0,,,,,,,,,,,,,,,,,,1.0,
Moral Non Naturalism_7 Methodology.txt,,,,,,,,,,,,,1.0,,,,,,,,,,,,,,7.0,,3.0,,,,,,,,,,,,,,,,,,,,,,,,,,
Propositional Function_9 Possible Worlds and Propositional Functions.txt,,,,,,,,,,,,,5.0,,1.0,,,,,2.0,,,,5.0,,,,,,,,,,,,,1.0,,,,,,,,,,,,,,,,,,
Connectionism_2 Neural Network Learning and Backpropagation.txt,,,,,,,,,,,,,9.0,,,,,,,,,,,,,,,,,,,,,,,1.0,,,,,,,,,,,,,,,,,,,
The Deflationary Theory of Truth_4 The Utility of Deflationary Truth.txt,,,,,,,,,,,,,1.0,,,,,,,,1.0,,1.0,,,,,,,18.0,,,,,,,4.0,,,,,,,,,,,,,,,,,,
Constructive Mathematics_4 The Axiom of Choice.txt,,,,,,,,,,,,,5.0,,,,,,,,,,,1.0,,,,,,,,,,,,,,,,,,,1.0,,,,,,,,,,,,
The Deflationary Theory of Truth_2 The Equivalence Schema.txt,,,,,,,,,,,,,3.0,,,,,,2.0,1.0,5.0,,1.0,,,,,,,15.0,,,,,,,,,,,,,,,,,,,1.0,,,,,,
Private Language_4 Kripkes Sceptical Wittgenstein.txt,,,,,,,,,,,,,1.0,,,,,12.0,1.0,,,,1.0,,,,,,,,,,,,,,,,,,,,,,,,,,,,,,,,
Skepticism_2 Two Basic Forms of Philosophical Skepticism.txt,,,,,,,,,,,,,1.0,,,,,,,25.0,,,,,,,,,,1.0,,,,,,,7.0,,,,,,,,,,,,,,,,,,
Abstract Objects_7 Further Reading.txt,,,,,,,,,,,,,,8.0,,,,2.0,,,,6.0,,,,,,,,,,,,,,,,,,,,,1.0,,,,,,,,,,,1.0,
Logical Form_10 Further Questions.txt,,,,,,,,,,,,,,1.0,,,,3.0,3.0,,3.0,,5.0,,,,,,,1.0,,,,1.0,,,1.0,,,,,,,,,,,,,,,,,,
Propositional Function_12 Conclusion.txt,,,,,,,,,,,,,,,1.0,,,,,,,,,,,,,,,,,,,2.0,,,,,,,,,,,,,,,,,,,,,
Constructive Mathematics_7 Constructive Mathematical Economics and Finance.txt,,,,,,,,,,,,,,,4.0,,,,,,,,,,,,,,,,,,,,,,,,,,,,,,,,,,,,,,,,
Intuitionism in the Philosophy of Mathematics_2 Intuitionism.txt,,,,,,,,,,,,,,,6.0,,,1.0,,,,1.0,1.0,,,4.0,,1.0,,1.0,,,,,,,,,,,,,14.0,,,,,,,,,,,,
Logical Constants_7 Pragmatic demarcations.txt,,,,,,,,,,,,,,,3.0,,,2.0,,,1.0,,5.0,1.0,,,,,,,,,,18.0,,,,,,,,,,,,,,,,,,,,,
Intuitionism in the Philosophy of Mathematics_1 Brouwer.txt,,,,,,,,,,,,,,,1.0,,,,,,,,,1.0,,1.0,,,,1.0,,,,,,,,,,,,,10.0,,,,,,,,,,,,
Logical Constants_3 A Davidsonian approach.txt,,,,,,,,,,,,,,,,,,5.0,,,5.0,,4.0,,,,,,,7.0,,,,3.0,,,,,,,,,,,,,,,,,,,,,
Propositions_5 Linguistic Problems.txt,,,,,,,,,,,,,,,,,,2.0,1.0,1.0,4.0,1.0,,,,,,,,1.0,,,,,,,4.0,,,,,,,,,,,,,,,,,,
Modal Logic_2 Modal Logics.txt,,,,,,,,,,,,,,,,,,1.0,1.0,,,,,,,1.0,,1.0,,,,,,11.0,4.0,,,,,,,,,,,,,,,,1.0,,,,
Singular Propositions_7 Conclusion.txt,,,,,,,,,,,,,,,,,,1.0,,,1.0,1.0,,,,,,,,,,,,,,,4.0,,,,,,,,,,,,,,,,,,
Propositions_4 Arguments for Propositions.txt,,,,,,,,,,,,,,,,,,1.0,3.0,4.0,3.0,3.0,2.0,,,,,,,3.0,1.0,,1.0,,,1.0,9.0,,,,,,,,,,,,,,,,,,
Vagueness_6 Subvaluationism.txt,,,,,,,,,,,,,,,,,,3.0,,1.0,,,1.0,,,,,,,,,,,7.0,,,1.0,,,,,,,,,,,,,,,,,,
Medieval Theories of the Syllogism_3 Arabic Logic and Syllogisms.txt,,,,,,,,,,,,,,,,,,,8.0,,30.0,,2.0,,,,,,,,,,,25.0,1.0,,1.0,,,,,,,,,5.0,,,,,,,,,
Medieval Theories of the Syllogism_7 William of Ockham.txt,,,,,,,,,,,,,,,,,,,13.0,,20.0,,,,,,,,,,,,,4.0,,,,,,,,,,1.0,4.0,8.0,,,,,,,,,
Modal Logic_4 Temporal Logics.txt,,,,,,,,,,,,,,,,,,,1.0,,,,,,,,,,,,,,,7.0,2.0,,,,,,,,,,,,,,,,,,,,
Descriptions_2 Russells Theory of Descriptions.txt,,,,,,,,,,,,,,,,,,,3.0,,,,2.0,,,,,,,1.0,,,,,,,,,,,,,,,,,,,,,,,,,
Ancient Logic_1 PreAristotelian Logic.txt,,,,,,,,,,,,,,,,,,,4.0,,2.0,,9.0,1.0,,,,,,5.0,,,,2.0,,,,,,,,,1.0,1.0,,,1.0,,,,1.0,,,,
The Deflationary Theory of Truth_6 The Deflationary Theory of Falsity.txt,,,,,,,,,,,,,,,,,,,,1.0,,,,,,,,,,4.0,,,,,,,,,,,,,,,,,,,,,,,,,
Aristotles Logic_12 Time and Necessity The SeaBattle.txt,,,,,,,,,,,,,,,,,,,,2.0,,,1.0,,,,,,,2.0,,,,1.0,,,4.0,,,,,,,,,,,,,,,,,,
The Deflationary Theory of Truth_5 Is Truth A Property.txt,,,,,,,,,,,,,,,,,,,,2.0,,1.0,1.0,,,,,,,9.0,,,,,,,3.0,,,,,,,,,,,,,,,,,,
Medieval Theories  Properties of Terms_4 Ampliation and Restriction.txt,,,,,,,,,,,,,,,,,,,,7.0,,,,,,,,2.0,,,,,1.0,,,,1.0,,,,,,,,,,2.0,,,,2.0,,,,
Propositional Function_8 What is a Propositional Function in Russell.txt,,,,,,,,,,,,,,,,,,,,3.0,,,1.0,,1.0,,,1.0,,,,,,1.0,,,6.0,,,,,,,,,,,,,,,,,,
Aristotles Logic_1 Introduction.txt,,,,,,,,,,,,,,,,,,,,,,,2.0,,,,,,,,,,,4.0,,,,,,,,,1.0,,,,,,,,,,,,
Logical Constants_Further reading.txt,,,,,,,,,,,,,,,,,,,,,,,4.0,,,,,,,,,,,,,,,,,,,,,,,,,,,,,,,,
Rudolf Carnap_9 Final Years and Legacy.txt,,,,,,,,,,,,,,,,,,,,,,,4.0,,,,,,,,,,,,,,,,,,,,,,,,,,,,,,,,
Analysis_7 Conclusion.txt,,,,,,,,,,,,,,,,,,,,,,,3.0,,,,,,,,,,,,,,,,,,,,,,,,,,,,,,,,
Moral Psychology  Empirical Approaches_7 Conclusion.txt,,,,,,,,,,,,,,,,,,,,,,,,,,,3.0,,,,,,,,,,,,,,,,,,,,,,2.0,1.0,,,,,
Metaethics_3 Naturalism Nonnaturalism and Supernaturalism.txt,,,,,,,,,,,,,,,,,,,,,,,,,,,8.0,,7.0,,,,,,,,,,,,,,,,,,,,,,,,,,
Moral Cognitivism vs  Non Cognitivism_6 Conclusion.txt,,,,,,,,,,,,,,,,,,,,,,,,,,,4.0,,,,,,,,,,,2.0,,,,,,,,,,,,,,,,,
Gertrude Elizabeth Margaret Anscombe_5 Moral Philosophy.txt,,,,,,,,,,,,,,,,,,,,,,,,,,,25.0,,2.0,,,,,,,,,,,,,,,,,,,,16.0,3.0,,,,,
Metaethics_7 Freedom and Responsibility.txt,,,,,,,,,,,,,,,,,,,,,,,,,,,8.0,,,,,,,,,,,,,,,,,,,,,,,,,,,,
Modal Logic_5 Conditional and Relevance Logics.txt,,,,,,,,,,,,,,,,,,,,,,,,,,,,,,,,,,5.0,6.0,,,,,,,,,,,,,,,,,,,,
Hans Reichenbach_8 Retrospective.txt,,,,,,,,,,,,,,,,,,,,,,,,,,,,,,,,,,1.0,,,,,,,3.0,,,,,,,,,,,,,,
Modal Logic_1 What is Modal Logic.txt,,,,,,,,,,,,,,,,,,,,,,,,,,,,,,,,,,1.0,2.0,,,,,,,,,,,,,,,,,,,,
